-- phpMyAdmin SQL Dump
-- version 4.5.1
-- http://www.phpmyadmin.net
--
-- Host: 127.0.0.1
-- Generation Time: Mar 29, 2018 at 11:26 AM
-- Server version: 10.1.16-MariaDB
-- PHP Version: 7.0.27

SET SQL_MODE = "NO_AUTO_VALUE_ON_ZERO";
SET time_zone = "+00:00";


/*!40101 SET @OLD_CHARACTER_SET_CLIENT=@@CHARACTER_SET_CLIENT */;
/*!40101 SET @OLD_CHARACTER_SET_RESULTS=@@CHARACTER_SET_RESULTS */;
/*!40101 SET @OLD_COLLATION_CONNECTION=@@COLLATION_CONNECTION */;
/*!40101 SET NAMES utf8mb4 */;

--
-- Database: `satthepsg`
--

-- --------------------------------------------------------

--
-- Table structure for table `category_items`
--

CREATE TABLE `category_items` (
  `id` int(10) UNSIGNED NOT NULL,
  `name` varchar(191) COLLATE utf8mb4_unicode_ci NOT NULL,
  `path` varchar(191) COLLATE utf8mb4_unicode_ci NOT NULL,
  `description` longtext COLLATE utf8mb4_unicode_ci,
  `image` varchar(191) COLLATE utf8mb4_unicode_ci DEFAULT NULL,
  `level` tinyint(1) UNSIGNED NOT NULL DEFAULT '0',
  `parent_id` int(10) UNSIGNED DEFAULT NULL,
  `type` tinyint(4) NOT NULL DEFAULT '0',
  `seo_title` varchar(191) COLLATE utf8mb4_unicode_ci DEFAULT NULL,
  `seo_description` longtext COLLATE utf8mb4_unicode_ci,
  `seo_keywords` varchar(191) COLLATE utf8mb4_unicode_ci DEFAULT NULL,
  `order` int(11) NOT NULL DEFAULT '1',
  `isActive` tinyint(4) NOT NULL DEFAULT '1',
  `created_at` timestamp NULL DEFAULT NULL,
  `updated_at` timestamp NULL DEFAULT NULL
) ENGINE=InnoDB DEFAULT CHARSET=utf8mb4 COLLATE=utf8mb4_unicode_ci;

--
-- Dumping data for table `category_items`
--

INSERT INTO `category_items` (`id`, `name`, `path`, `description`, `image`, `level`, `parent_id`, `type`, `seo_title`, `seo_description`, `seo_keywords`, `order`, `isActive`, `created_at`, `updated_at`) VALUES
(1, 'Sắt Thép Xây Dựng', 'sat-thep-xay-dung', '<p>\r\n	Một sản phẩm đỉnh cao của Swiss Krono Group. (*)\r\n</p>\r\n\r\n<p>\r\n	Sàn gỗ cao cấp&nbsp;My Floor sang trọng, mộc mạc, phong cách pha lẫn giữa thiên nhiên trong lành và vân gỗ tự nhiên. Tôi tin chắc thương hiệu này là sự lựa chọn đẳng cấp hoàn hảo của bạn! Chúng tôi tự hào vì những thiết kế đẹp và chất lượng cao.\r\n</p>\r\n\r\n<p>\r\n	Các mẫu mã cho năm 2018 là sự kết hợp thiết kế thanh lịch và vân gỗ như thật với những lợi thế về chất lượng hàng đầu, sàn gỗ hiện đại. Lắp đặt dễ dàng, tính bảo trì thấp và độ bền cao. Cho dù bạn thích cảm giác của biển, sự thanh lịch sôi động của một ngôi nhà phố, sàn gỗ My Floor đáp ứng hoàn toàn những cảm giác đó. Không có sự thỏa hiệp trong sản phẩm của chúng tôi, Tiêu chuẩn My Floor là sự kết hợp giữa chất lượng hàng đầu và hiệu ứng vân gỗ tuyệt đẹp.\r\n</p>\r\n\r\n<p>\r\n	<strong>SÀN GỖ MY FLOOR - MỘT CÁ TÍNH RIÊNG - SẢN XUẤT TẠI ĐỨC.</strong>\r\n</p>\r\n\r\n<p>\r\n	<em><strong>(*):&nbsp;</strong>Swiss Krono Group:&nbsp;Tập đoàn số một nước Đức về sàn gỗ. Có 04 bộ sưu tập đang thịnh hành tại Việt Nam. (My Floor, KronoTex, KronoSwiss, Room Floor).</em>\r\n</p>', 'images/uploads/images/chuyenmuc/category-ca-info-intro.jpg', 0, NULL, 1, 'Sàn Gỗ Wilson', 'Các mẫu mã cho năm 2018 là sự kết hợp thiết kế thanh lịch và vân gỗ như thật với những lợi thế về chất lượng hàng đầu, sàn gỗ hiện đại. Lắp đặt dễ dàng, tính bảo trì thấp và độ bền cao.', 'Sàn Gỗ Wilson', 1, 1, '2018-03-27 02:52:41', '2018-03-28 01:56:29'),
(2, 'Thép Pomina', 'thep-pomina', '<p>\r\n	Loại ván sàn dày 12mm có hai loại bản nhỡ và loại bản nhỏ. Loại bản nhỡ có bề mặt vân gỗ bóng với quy cách: Dài 810mm x rộng 132mm x dày 12mm, loại bản nhỏ bề mặt vân gỗ sần: Dài 810mm x rộng 107mm x dày 12mm. Cấp độ chống trầy xước của bề mặt là AC4.\r\n</p>', 'images/uploads/images/chuyenmuc/category-ca-info-intro.jpg', 1, 1, 1, 'Thép Pomina', 'Thép Pomina', 'Thép Pomina', 1, 1, '2018-03-27 03:00:23', '2018-03-28 01:56:54'),
(3, 'Thép Việt Nhật', 'thep-viet-nhat', '<p>\r\n	Thép Việt Nhật\r\n</p>', 'images/uploads/images/chuyenmuc/category-ca-info-intro.jpg', 1, 1, 1, 'Thép Việt Nhật', 'Thép Việt Nhật', 'Thép Việt Nhật', 2, 1, '2018-03-28 01:57:28', '2018-03-28 01:57:28'),
(4, 'Thép Miền Nam', 'thep-mien-nam', '<p>\r\n	Thép Miền Nam\r\n</p>', 'images/uploads/images/chuyenmuc/category-ca-info-intro.jpg', 1, 1, 1, 'Thép Miền Nam', 'Thép Miền Nam', 'Thép Miền Nam', 3, 1, '2018-03-28 01:58:04', '2018-03-28 01:58:10'),
(5, 'Thép Hòa Phát', 'thep-hoa-phat', '<p>\r\n	Thép Hòa Phát\r\n</p>', 'images/uploads/images/chuyenmuc/category-ca-info-intro.jpg', 1, 1, 1, 'Thép Hòa Phát', 'Thép Hòa Phát', 'Thép Hòa Phát', 4, 1, '2018-03-28 01:58:36', '2018-03-28 01:58:36'),
(6, 'Thép Hộp', 'thep-hop', '<p>\r\n	Thép Hộp\r\n</p>', 'images/uploads/images/chuyenmuc/category-ca-info-intro.jpg', 1, 1, 1, 'Thép Hộp', 'Thép Hộp', 'Thép Hộp', 5, 1, '2018-03-28 01:59:16', '2018-03-28 01:59:16'),
(7, 'Thép Hình', 'thep-hinh', '<p>\r\n	Thép Hình\r\n</p>', 'images/uploads/images/chuyenmuc/category-ca-info-intro.jpg', 1, 1, 1, 'Thép Hình', 'Thép Hình', 'Thép Hình', 6, 1, '2018-03-28 01:59:42', '2018-03-28 01:59:42'),
(8, 'Thép Tấm', 'thep-tam', '<p>\r\n	Thép Tấm\r\n</p>', 'images/uploads/images/chuyenmuc/category-ca-info-intro.jpg', 1, 1, 1, NULL, 'Thép Tấm', 'Thép Tấm', 7, 1, '2018-03-28 02:00:09', '2018-03-28 02:00:09'),
(9, 'Tôn Xây Dựng', 'ton-xay-dung', '<p>\r\n	Tôn Xây Dựng\r\n</p>', 'images/uploads/images/chuyenmuc/category-ca-info-intro.jpg', 0, NULL, 1, 'Tôn Xây Dựng', 'Tôn Xây Dựng', 'Tôn Xây Dựng', 2, 1, '2018-03-28 02:00:31', '2018-03-28 02:00:31'),
(10, 'Tôn Hoa Sen', 'ton-hoa-sen', '<p>\r\n	Tôn Hoa Sen\r\n</p>', 'images/uploads/images/chuyenmuc/category-ca-info-intro.jpg', 1, 9, 1, 'Tôn Hoa Sen', 'Tôn Hoa Sen', 'Tôn Hoa Sen', 1, 1, '2018-03-28 02:00:59', '2018-03-28 02:00:59'),
(11, 'Tôn Đông Á', 'ton-dong-a', '<p>\r\n	Tôn Đông Á\r\n</p>', 'images/uploads/images/chuyenmuc/category-ca-info-intro.jpg', 1, 9, 1, 'Tôn Đông Á', 'Tôn Đông Á', 'Tôn Đông Á', 2, 1, '2018-03-28 02:01:31', '2018-03-28 02:01:31'),
(12, 'Tôn Phương Nam', 'ton-phuong-nam', '<p>\r\n	Tôn Phương Nam\r\n</p>', 'images/uploads/images/chuyenmuc/category-ca-info-intro.jpg', 1, 9, 1, 'Tôn Phương Nam', 'Tôn Phương Nam', 'Tôn Phương Nam', 3, 1, '2018-03-28 02:01:54', '2018-03-28 02:01:54'),
(13, 'Tôn Việt Nhật', 'ton-viet-nhat', '<p>\r\n	Tôn Việt Nhật\r\n</p>', 'images/uploads/images/chuyenmuc/category-ca-info-intro.jpg', 1, 9, 1, 'Tôn Việt Nhật', 'Tôn Việt Nhật', 'Tôn Việt Nhật', 4, 1, '2018-03-28 02:02:21', '2018-03-28 02:02:21'),
(14, 'Tôn Việt Pháp', 'ton-viet-phap', '<p>\r\n	Tôn Việt Pháp\r\n</p>', 'images/uploads/images/chuyenmuc/category-ca-info-intro.jpg', 1, 9, 1, 'Tôn Việt Pháp', 'Tôn Việt Pháp', 'Tôn Việt Pháp', 5, 1, '2018-03-28 02:02:54', '2018-03-28 02:02:54'),
(15, 'Cát Xây Dựng', 'cat-xay-dung', '<p>\r\n	Cát Xây Dựng\r\n</p>', 'images/uploads/images/chuyenmuc/category-ca-info-intro.jpg', 0, NULL, 1, 'Cát Xây Dựng', 'Cát Xây Dựng', 'Cát Xây Dựng', 3, 1, '2018-03-28 02:03:15', '2018-03-28 02:03:15'),
(16, 'Cát San Lấp', 'cat-san-lap', '<p>\r\n	Cát San Lấp\r\n</p>', 'images/uploads/images/chuyenmuc/category-ca-info-intro.jpg', 1, 15, 1, 'Cát San Lấp', 'Cát San Lấp', 'Cát San Lấp', 1, 1, '2018-03-28 02:03:38', '2018-03-28 02:03:38'),
(17, 'Cát Xây Tô', 'cat-xay-to', '<p>\r\n	Cát Xây Tô\r\n</p>', 'images/uploads/images/chuyenmuc/category-ca-info-intro.jpg', 1, 15, 1, 'Cát Xây Tô', 'Cát Xây Tô', 'Cát Xây Tô', 2, 1, '2018-03-28 02:03:58', '2018-03-28 02:03:58'),
(18, 'Cát Tân Châu', 'cat-tan-chau', '<p>\r\n	Cát Tân Châu\r\n</p>', 'images/uploads/images/chuyenmuc/category-ca-info-intro.jpg', 1, 15, 1, 'Cát Tân Châu', 'Cát Tân Châu', 'Cát Tân Châu', 3, 1, '2018-03-28 02:04:23', '2018-03-28 02:04:23'),
(19, 'Cát Vàng', 'cat-vang', '<p>\r\n	Cát Vàng\r\n</p>', 'images/uploads/images/chuyenmuc/category-ca-info-intro.jpg', 1, 15, 1, 'Cát Vàng', 'Cát Vàng', 'Cát Vàng', 4, 1, '2018-03-28 02:04:44', '2018-03-28 02:04:44'),
(20, 'Cát Bê Tông', 'cat-be-tong', '<p>\r\n	Cát Bê Tông\r\n</p>', 'images/uploads/images/chuyenmuc/category-ca-info-intro.jpg', 1, 15, 1, 'Cát Bê Tông', 'Cát Bê Tông', 'Cát Bê Tông', 5, 1, '2018-03-28 02:05:07', '2018-03-28 02:05:07'),
(21, 'Đá Xây Dựng', 'da-xay-dung', '<p>\r\n	Đá Xây Dựng\r\n</p>', 'images/uploads/images/chuyenmuc/category-ca-info-intro.jpg', 0, NULL, 1, 'Đá Xây Dựng', 'Đá Xây Dựng', 'Đá Xây Dựng', 4, 1, '2018-03-28 02:05:41', '2018-03-28 02:05:41'),
(22, 'Đá 0x4', 'da-0x4', '<p>\r\n	Đá 0x4\r\n</p>', 'images/uploads/images/chuyenmuc/category-ca-info-intro.jpg', 1, 21, 1, 'Đá 0x4', 'Đá 0x4', 'Đá 0x4', 1, 1, '2018-03-28 02:06:14', '2018-03-28 02:06:14'),
(23, 'Đá 1x2', 'da-1x2', '<p>\r\n	Đá 1x2\r\n</p>', 'images/uploads/images/chuyenmuc/category-ca-info-intro.jpg', 1, 21, 1, 'Đá 1x2', 'Đá 1x2', 'Đá 1x2', 2, 1, '2018-03-28 02:07:07', '2018-03-28 02:07:07'),
(24, 'Đá 4x6', 'da-4x6', '<p>\r\n	Đá 4x6\r\n</p>', 'images/uploads/images/chuyenmuc/category-ca-info-intro.jpg', 1, 21, 1, 'Đá 4x6', 'Đá 4x6', 'Đá 4x6', 3, 1, '2018-03-28 02:07:34', '2018-03-28 02:07:48'),
(25, 'Đá 5x7', 'da-5x7', '<p>\r\n	Đá 5x7\r\n</p>', 'images/uploads/images/chuyenmuc/category-ca-info-intro.jpg', 1, 21, 1, NULL, 'Đá 5x7', 'Đá 5x7', 4, 1, '2018-03-28 02:08:16', '2018-03-28 02:08:16'),
(26, 'Đá Mi Sàng', 'da-mi-sang', NULL, 'images/uploads/images/chuyenmuc/category-ca-info-intro.jpg', 1, 21, 1, 'Đá Mi Sàng', 'Đá Mi Sàng', 'Đá Mi Sàng', 5, 1, '2018-03-28 02:08:44', '2018-03-28 02:08:44'),
(27, 'Đá Mi Bụi', 'da-mi-bui', NULL, 'images/uploads/images/chuyenmuc/category-ca-info-intro.jpg', 1, 21, 1, 'Đá Mi Bụi', 'Đá Mi Bụi', 'Đá Mi Bụi', 6, 1, '2018-03-28 02:09:33', '2018-03-28 02:09:33'),
(28, 'Đá Base', 'da-base', '<p>\r\n	Đá Base\r\n</p>', 'images/uploads/images/chuyenmuc/category-ca-info-intro.jpg', 1, 21, 1, 'Đá Base', 'Đá Base', 'Đá Base', 7, 1, '2018-03-28 02:09:55', '2018-03-28 02:10:07'),
(29, 'Đá Hộc', 'da-hoc', NULL, 'images/uploads/images/chuyenmuc/category-ca-info-intro.jpg', 1, 21, 1, 'Đá Hộc', 'Đá Hộc', 'Đá Hộc', 8, 1, '2018-03-28 02:10:36', '2018-03-28 02:10:36'),
(30, 'Gạch Xây Dựng', 'gach-xay-dung', '<p>\r\n	Gạch Xây Dựng\r\n</p>', 'images/uploads/images/chuyenmuc/category-ca-info-intro.jpg', 0, NULL, 1, 'Gạch Xây Dựng', 'Gạch Xây Dựng', 'Gạch Xây Dựng', 5, 1, '2018-03-28 02:11:12', '2018-03-28 02:11:12'),
(31, 'Gạch Ống', 'gach-ong', NULL, 'images/uploads/images/chuyenmuc/category-ca-info-intro.jpg', 1, 30, 1, 'Gạch Ống', 'Gạch Ống', 'Gạch Ống', 1, 1, '2018-03-28 02:22:46', '2018-03-28 02:22:46'),
(32, 'Gạch Đinh', 'gach-dinh', '<p>\r\n	Gạch Đinh\r\n</p>', 'images/uploads/images/chuyenmuc/category-ca-info-intro.jpg', 1, 30, 1, 'Gạch Đinh', 'Gạch Đinh', 'Gạch Đinh', 2, 1, '2018-03-28 02:23:07', '2018-03-28 02:23:07'),
(33, 'Xi Măng Xây Dựng', 'xi-mang-xay-dung', '<p>\r\n	Xi Măng Xây Dựng\r\n</p>', 'images/uploads/images/chuyenmuc/category-ca-info-intro.jpg', 0, NULL, 1, 'Xi Măng Xây Dựng', 'Xi Măng Xây Dựng', 'Xi Măng Xây Dựng', 6, 1, '2018-03-28 02:23:43', '2018-03-28 02:23:43'),
(34, 'Xi Măng Thăng Long', 'xi-mang-thang-long', '<p>\r\n	Xi Măng Thăng Long\r\n</p>', 'images/uploads/images/chuyenmuc/category-ca-info-intro.jpg', 1, 33, 1, 'Xi Măng Thăng Long', 'Xi Măng Thăng Long', 'Xi Măng Thăng Long', 1, 1, '2018-03-28 02:24:37', '2018-03-28 02:24:37'),
(35, 'Xi Măng Hạ Long', 'xi-mang-ha-long', '<p>\r\n	Xi Măng Hạ Long\r\n</p>', 'images/uploads/images/chuyenmuc/category-ca-info-intro.jpg', 1, 33, 1, 'Xi Măng Hạ Long', 'Xi Măng Hạ Long', 'Xi Măng Hạ Long', 2, 1, '2018-03-28 02:24:37', '2018-03-28 02:56:25'),
(36, 'Xi Măng Nghi Sơn', 'xi-mang-nghi-son', '<p>\r\n	Xi Măng Nghi Sơn\r\n</p>', 'images/uploads/images/chuyenmuc/category-ca-info-intro.jpg', 1, 33, 1, 'Xi Măng Nghi Sơn', 'Xi Măng Nghi Sơn', 'Xi Măng Nghi Sơn', 3, 1, '2018-03-28 02:24:37', '2018-03-28 02:56:52'),
(37, 'Xi Măng Hà Tiên', 'xi-mang-ha-tien', '<p>\r\n	Xi Măng Hà Tiên\r\n</p>', 'images/uploads/images/chuyenmuc/category-ca-info-intro.jpg', 1, 33, 1, 'Xi Măng Hà Tiên', 'Xi Măng Hà Tiên', 'Xi Măng Hà Tiên', 4, 1, '2018-03-28 02:24:37', '2018-03-28 02:57:26'),
(38, 'Xi Măng FiCo', 'xi-mang-fico', '<p>\r\n	Xi Măng FiCo\r\n</p>', 'images/uploads/images/chuyenmuc/category-ca-info-intro.jpg', 1, 33, 1, 'Xi Măng FiCo', 'Xi Măng FiCo', 'Xi Măng FiCo', 5, 1, '2018-03-28 02:24:37', '2018-03-28 02:57:57'),
(39, 'Xi Măng HolCim', 'xi-mang-holcim', '<p>\r\n	Xi Măng HolCim\r\n</p>', 'images/uploads/images/chuyenmuc/category-ca-info-intro.jpg', 1, 33, 1, 'Xi Măng HolCim', 'Xi Măng HolCim', 'Xi Măng HolCim', 6, 1, '2018-03-28 02:24:37', '2018-03-28 02:58:39'),
(40, 'Xà Gồ Xây Dựng', 'xa-go-xay-dung', '<p>\r\n	Xà Gồ Xây Dựng\r\n</p>', 'images/uploads/images/chuyenmuc/category-ca-info-intro.jpg', 0, NULL, 1, 'Xà Gồ Xây Dựng', 'Xà Gồ Xây Dựng', 'Xà Gồ Xây Dựng', 7, 1, '2018-03-28 03:00:25', '2018-03-28 03:00:25'),
(41, 'Xà Gồ C', 'xa-go-c', '<p>\r\n	Xà Gồ C\r\n</p>', 'images/uploads/images/chuyenmuc/category-ca-info-intro.jpg', 1, 40, 1, 'Xà Gồ C', 'Xà Gồ C', 'Xà Gồ C', 1, 1, '2018-03-28 03:00:56', '2018-03-28 03:00:56'),
(42, 'Xà Gồ Z', 'xa-go-z', '<p>\r\n	Xà Gồ Z\r\n</p>', 'images/uploads/images/chuyenmuc/category-ca-info-intro.jpg', 1, 40, 1, 'Xà Gồ Z', 'Xà Gồ Z', 'Xà Gồ Z', 2, 1, '2018-03-28 03:00:56', '2018-03-28 03:01:32'),
(43, 'Xà Gồ Thép Hộp', 'xa-go-thep-hop', '<p>\r\n	Xà Gồ Thép Hộp\r\n</p>', 'images/uploads/images/chuyenmuc/category-ca-info-intro.jpg', 1, 40, 1, 'Xà Gồ Thép Hộp', 'Xà Gồ Thép Hộp', 'Xà Gồ Thép Hộp', 3, 1, '2018-03-28 03:00:56', '2018-03-28 03:01:50'),
(44, 'Báo Giá Sắt Thép', 'bao-gia-sat-thep', '<p>\r\n	Báo Giá Sắt Thép\r\n</p>', 'images/uploads/images/chuyenmuc/category-ca-info-intro.jpg', 0, NULL, 0, 'Báo Giá Sắt Thép', 'Báo Giá Sắt Thép', 'Báo Giá Sắt Thép', 1, 1, '2018-03-29 02:21:25', '2018-03-29 02:34:52');

-- --------------------------------------------------------

--
-- Table structure for table `category_permissions`
--

CREATE TABLE `category_permissions` (
  `id` int(10) UNSIGNED NOT NULL,
  `name` varchar(191) COLLATE utf8mb4_unicode_ci NOT NULL,
  `created_at` timestamp NULL DEFAULT NULL,
  `updated_at` timestamp NULL DEFAULT NULL
) ENGINE=InnoDB DEFAULT CHARSET=utf8mb4 COLLATE=utf8mb4_unicode_ci;

--
-- Dumping data for table `category_permissions`
--

INSERT INTO `category_permissions` (`id`, `name`, `created_at`, `updated_at`) VALUES
(1, 'Role', '2018-03-14 07:31:28', '2018-03-14 07:31:28'),
(2, 'User', '2018-03-14 07:31:28', '2018-03-14 07:31:28'),
(3, 'Menu', '2018-03-14 07:31:28', '2018-03-14 07:31:28'),
(4, 'Page', '2018-03-14 07:31:29', '2018-03-14 07:31:29'),
(5, 'Post', '2018-03-14 07:31:29', '2018-03-14 07:31:29'),
(7, 'Product', '2018-03-27 03:05:29', '2018-03-27 03:05:29');

-- --------------------------------------------------------

--
-- Table structure for table `configs`
--

CREATE TABLE `configs` (
  `id` int(10) UNSIGNED NOT NULL,
  `name` varchar(191) COLLATE utf8mb4_unicode_ci DEFAULT NULL,
  `content` longtext COLLATE utf8mb4_unicode_ci,
  `description` varchar(191) COLLATE utf8mb4_unicode_ci DEFAULT NULL,
  `order` int(11) DEFAULT NULL,
  `user_id` int(10) UNSIGNED NOT NULL,
  `created_at` timestamp NULL DEFAULT NULL,
  `updated_at` timestamp NULL DEFAULT NULL
) ENGINE=InnoDB DEFAULT CHARSET=utf8mb4 COLLATE=utf8mb4_unicode_ci;

--
-- Dumping data for table `configs`
--

INSERT INTO `configs` (`id`, `name`, `content`, `description`, `order`, `user_id`, `created_at`, `updated_at`) VALUES
(1, 'config-contact', '<p>\r\n	<strong><em><span style="background-color:#f1c40f;">Hotline đặt hàng</span>:</em></strong><em>&nbsp;&nbsp;<strong>0903.866.869 &ndash; 0968.69.66.69</strong></em>\r\n</p>\r\n\r\n<p>\r\n	<strong><em>Hotline hỗ trợ tư vấn và phản hồi ý kiến</em></strong><em>:&nbsp;<strong>0906.960.060</strong></em>\r\n</p>\r\n\r\n<p>\r\n	<strong><em>Zalo, Viber:</em></strong>&nbsp;<em>0906.960.060</em>\r\n</p>\r\n\r\n<p>\r\n	<strong><em>Facebook:</em></strong><em>&nbsp;https://www.facebook.com/linkhome.vn</em>\r\n</p>\r\n\r\n<p>\r\n	&nbsp;\r\n</p>\r\n\r\n<p>\r\n	<strong><em>Hân hạnh được phục vụ quý khách hàng.!</em></strong>\r\n</p>\r\n\r\n<p>\r\n	<strong><em>Thông tin liên hệ với chúng tôi:</em></strong>\r\n</p>\r\n\r\n<p>\r\n	&nbsp; &nbsp; &nbsp; &nbsp; &nbsp; &nbsp;&nbsp;&nbsp; &nbsp;&nbsp;<strong>CÔNG TY TNHH TRANG TRÍ NỘI THẤT LINK HOME</strong>\r\n</p>\r\n\r\n<p>\r\n	&nbsp; &nbsp; &nbsp; &nbsp;&nbsp;<em>Ngôi nhà ước mơ</em>\r\n</p>\r\n\r\n<p>\r\n	<strong>TRỤ SỞ CHÍNH:</strong>&nbsp;<em>113 Đường Bình Long, P.Bình Hưng Hòa A, Q.Bình Tân, TP.HCM</em>\r\n</p>\r\n\r\n<p>\r\n	<strong>Điện thoại:&nbsp;</strong><em>(028).66 88 98 98 &ndash; 66 88 87 87</em>\r\n</p>\r\n\r\n<p>\r\n	<strong>Di động:</strong><em>&nbsp;0901.31.32.33 &ndash; 0931 33 36 39&nbsp;(Mr Tuấn)</em>\r\n</p>\r\n\r\n<p>\r\n	<strong>KHO HÀNG:</strong>&nbsp;<i>153 Đường Đỗ Bí, P.Phú Thạnh, Q.Tân Phú, TP.HCM</i>\r\n</p>\r\n\r\n<p>\r\n	<strong>Điện thoại:&nbsp;</strong><em>08 68 49 69 69 - 0906 960 060</em>\r\n</p>', NULL, NULL, 1, NULL, '2018-03-29 07:27:48');

-- --------------------------------------------------------

--
-- Table structure for table `menus`
--

CREATE TABLE `menus` (
  `id` int(10) UNSIGNED NOT NULL,
  `name` varchar(191) COLLATE utf8mb4_unicode_ci NOT NULL,
  `path` varchar(191) COLLATE utf8mb4_unicode_ci NOT NULL,
  `level` tinyint(3) UNSIGNED NOT NULL,
  `order` int(11) NOT NULL DEFAULT '1',
  `parent_id` int(11) DEFAULT NULL,
  `content_id` int(11) DEFAULT NULL,
  `type` tinyint(3) UNSIGNED DEFAULT NULL,
  `isActive` tinyint(4) NOT NULL DEFAULT '1',
  `created_at` timestamp NULL DEFAULT NULL,
  `updated_at` timestamp NULL DEFAULT NULL
) ENGINE=InnoDB DEFAULT CHARSET=utf8mb4 COLLATE=utf8mb4_unicode_ci;

--
-- Dumping data for table `menus`
--

INSERT INTO `menus` (`id`, `name`, `path`, `level`, `order`, `parent_id`, `content_id`, `type`, `isActive`, `created_at`, `updated_at`) VALUES
(1, 'Giới Thiệu', 'gioi-thieu', 0, 1, NULL, 3, 1, 1, '2018-03-29 02:47:32', '2018-03-29 02:47:32');

-- --------------------------------------------------------

--
-- Table structure for table `migrations`
--

CREATE TABLE `migrations` (
  `id` int(10) UNSIGNED NOT NULL,
  `migration` varchar(191) COLLATE utf8mb4_unicode_ci NOT NULL,
  `batch` int(11) NOT NULL
) ENGINE=InnoDB DEFAULT CHARSET=utf8mb4 COLLATE=utf8mb4_unicode_ci;

--
-- Dumping data for table `migrations`
--

INSERT INTO `migrations` (`id`, `migration`, `batch`) VALUES
(1, '2014_10_12_000000_create_users_table', 1),
(2, '2014_10_12_100000_create_password_resets_table', 1),
(3, '2018_03_14_140923_create_entrust_setup_tables', 2);

-- --------------------------------------------------------

--
-- Table structure for table `password_resets`
--

CREATE TABLE `password_resets` (
  `email` varchar(191) COLLATE utf8mb4_unicode_ci NOT NULL,
  `token` varchar(191) COLLATE utf8mb4_unicode_ci NOT NULL,
  `created_at` timestamp NULL DEFAULT NULL
) ENGINE=InnoDB DEFAULT CHARSET=utf8mb4 COLLATE=utf8mb4_unicode_ci;

-- --------------------------------------------------------

--
-- Table structure for table `permissions`
--

CREATE TABLE `permissions` (
  `id` int(10) UNSIGNED NOT NULL,
  `name` varchar(191) COLLATE utf8mb4_unicode_ci NOT NULL,
  `display_name` varchar(191) COLLATE utf8mb4_unicode_ci DEFAULT NULL,
  `description` varchar(191) COLLATE utf8mb4_unicode_ci DEFAULT NULL,
  `category_permission_id` int(10) UNSIGNED NOT NULL,
  `created_at` timestamp NULL DEFAULT NULL,
  `updated_at` timestamp NULL DEFAULT NULL
) ENGINE=InnoDB DEFAULT CHARSET=utf8mb4 COLLATE=utf8mb4_unicode_ci;

--
-- Dumping data for table `permissions`
--

INSERT INTO `permissions` (`id`, `name`, `display_name`, `description`, `category_permission_id`, `created_at`, `updated_at`) VALUES
(1, 'role-list', 'Xem Danh Sách Quyền', 'Được Xem Danh Sách Quyền', 1, '2018-03-14 07:32:41', '2018-03-14 07:32:41'),
(2, 'role-create', 'Tạo Quyền Mới', 'Được Tạo Quyền Mới', 1, '2018-03-14 07:32:41', '2018-03-14 07:32:41'),
(3, 'role-edit', 'Cập Nhật Quyền', 'Được Cập Nhật Quyền', 1, '2018-03-14 07:32:41', '2018-03-14 07:32:41'),
(4, 'role-delete', 'Xóa Quyền', 'Được Xóa Quyền', 1, '2018-03-14 07:32:41', '2018-03-14 07:32:41'),
(5, 'user-list', 'Xem Danh Sách Users', 'Được Xem Danh Sách Users', 2, '2018-03-14 07:32:41', '2018-03-14 07:32:41'),
(6, 'user-create', 'Tạo User', 'Được Tạo User Mới', 2, '2018-03-14 07:32:41', '2018-03-14 07:32:41'),
(7, 'user-edit', 'Cập Nhật User', 'Được Cập Nhật User', 2, '2018-03-14 07:32:41', '2018-03-14 07:32:41'),
(8, 'user-delete', 'Xóa user', 'Được Xóa User', 2, '2018-03-14 07:32:41', '2018-03-14 07:32:41'),
(9, 'menu-list', 'Toàn Quyền Menu', 'Được Toàn Quyền Menu', 3, '2018-03-14 07:32:41', '2018-03-14 07:32:41'),
(10, 'menu-create', 'Thêm Mới Menu', 'Được Thêm Mới Menu', 3, '2018-03-14 07:32:42', '2018-03-14 07:32:42'),
(11, 'menu-edit', 'Cập Nhật Menu', 'Được Cập Nhật Menu', 3, '2018-03-14 07:32:42', '2018-03-14 07:32:42'),
(12, 'menu-delete', 'Xóa Menu', 'Được Xóa Menu', 3, '2018-03-14 07:32:42', '2018-03-14 07:32:42'),
(13, 'page-list', 'Toàn Quyền Trang', 'Được Toàn Quyền Trang', 4, '2018-03-14 07:32:42', '2018-03-14 07:32:42'),
(14, 'page-create', 'Thêm Mới Trang', 'Được Thêm Mới Trang', 4, '2018-03-14 07:32:42', '2018-03-14 07:32:42'),
(15, 'page-edit', 'Cập Nhật Trang', 'Được Cập Nhật Trang', 4, '2018-03-14 07:32:42', '2018-03-14 07:32:42'),
(16, 'page-delete', 'Xóa Trang', 'Được Xóa Trang', 4, '2018-03-14 07:32:42', '2018-03-14 07:32:42'),
(17, 'post-list', 'Toàn Quyền Bài Viết', 'Được Toàn Quyền Bài Viết', 5, '2018-03-14 07:54:54', '2018-03-14 07:54:54'),
(18, 'post-create', 'Thêm Mới Bài Viết', 'Được Thêm Mới Bài Viết', 5, '2018-03-14 07:54:54', '2018-03-14 07:54:54'),
(19, 'post-edit', 'Cập Nhật Bài Viết', 'Được Cập Nhật Bài Viết', 5, '2018-03-14 07:54:54', '2018-03-14 07:54:54'),
(20, 'post-delete', 'Xóa Bài Viết', 'Được Xóa Bài Viết', 5, '2018-03-14 07:54:54', '2018-03-14 07:54:54'),
(21, 'product-list', 'Toàn Quyền Sản Phẩm', 'Được Toàn Quyền Sản Phẩm', 7, '2018-03-27 03:06:34', '2018-03-27 03:06:34'),
(22, 'product-create', 'Thêm Mới Sản Phẩm', 'Được Thêm Mới Sản Phẩm', 7, '2018-03-27 03:06:34', '2018-03-27 03:06:34'),
(23, 'product-edit', 'Cập Nhật Sản Phẩm', 'Được Cập Nhật Sản Phẩm', 7, '2018-03-27 03:06:34', '2018-03-27 03:06:34'),
(24, 'product-delete', 'Xóa Sản Phẩm', 'Được Xóa Sản Phẩm', 7, '2018-03-27 03:06:34', '2018-03-27 03:06:34');

-- --------------------------------------------------------

--
-- Table structure for table `permission_role`
--

CREATE TABLE `permission_role` (
  `permission_id` int(10) UNSIGNED NOT NULL,
  `role_id` int(10) UNSIGNED NOT NULL
) ENGINE=InnoDB DEFAULT CHARSET=utf8mb4 COLLATE=utf8mb4_unicode_ci;

--
-- Dumping data for table `permission_role`
--

INSERT INTO `permission_role` (`permission_id`, `role_id`) VALUES
(1, 1),
(2, 1),
(3, 1),
(4, 1),
(5, 1),
(6, 1),
(7, 1),
(8, 1),
(9, 1),
(10, 1),
(11, 1),
(12, 1),
(13, 1),
(14, 1),
(15, 1),
(16, 1),
(17, 1),
(18, 1),
(19, 1),
(20, 1),
(21, 1),
(22, 1),
(23, 1),
(24, 1);

-- --------------------------------------------------------

--
-- Table structure for table `posts`
--

CREATE TABLE `posts` (
  `id` int(10) UNSIGNED NOT NULL,
  `title` varchar(191) COLLATE utf8mb4_unicode_ci NOT NULL,
  `path` varchar(191) COLLATE utf8mb4_unicode_ci NOT NULL,
  `description` varchar(191) COLLATE utf8mb4_unicode_ci NOT NULL,
  `content` longtext COLLATE utf8mb4_unicode_ci NOT NULL,
  `image` varchar(191) COLLATE utf8mb4_unicode_ci DEFAULT NULL,
  `seo_title` varchar(191) COLLATE utf8mb4_unicode_ci DEFAULT NULL,
  `seo_description` varchar(191) COLLATE utf8mb4_unicode_ci DEFAULT NULL,
  `seo_keywords` varchar(191) COLLATE utf8mb4_unicode_ci DEFAULT NULL,
  `post_type` tinyint(3) UNSIGNED NOT NULL DEFAULT '0',
  `isActive` tinyint(1) NOT NULL DEFAULT '1',
  `user_id` int(10) UNSIGNED NOT NULL,
  `created_at` timestamp NULL DEFAULT NULL,
  `updated_at` timestamp NULL DEFAULT NULL
) ENGINE=InnoDB DEFAULT CHARSET=utf8mb4 COLLATE=utf8mb4_unicode_ci;

--
-- Dumping data for table `posts`
--

INSERT INTO `posts` (`id`, `title`, `path`, `description`, `content`, `image`, `seo_title`, `seo_description`, `seo_keywords`, `post_type`, `isActive`, `user_id`, `created_at`, `updated_at`) VALUES
(1, 'Báo Giá Sắt Thép Pomina', 'bao-gia-sat-thep-pomina', '<p>\r\n	Báo Giá Sắt Thép Pomina\r\n</p>', '<p>\r\n	<strong>Giá thép pomina</strong>&nbsp;mới nhất năm 2017 đang có xu hướng giảm mạnh trong mấy tháng tiếp theo.Đầu tháng 2 năm 2017 thép pomina tiếp tục giảm xuống 340/kg theo đó&nbsp;<strong>giá sắt thép pomina</strong>hôm nay giao động 12.500/kg giảm hơn năm ngoái 500/kg ở thời điểm này. Sài Gòn CMC chuyên phân phối sỷ $ lẻ thép pomina chính hãng tại hồ chí minh và các tỉnh lân cận.\r\n</p>\r\n\r\n<p>\r\n	Đê thuận tiện giao hàng nhanh đến công trình hiện tại sài gòn cmc&nbsp;đã có 19 kho hàng khắp khu vực miền nam,&nbsp;trong đó bình dương, đồng nai , long an , hồ chí minh chiếm 13 kho cung cấp chính thép xây dựng pomina hiện nay. Sau đây chúng tôi xin gửi&nbsp;&nbsp;<strong><em>báo giá sắt thép pomina</em></strong>&nbsp;trong ngày được cập nhật chính xác nhất - uy tín nhất .\r\n</p>\r\n\r\n<h1>\r\n	Bảng Giá Thép Pomina - Báo Giá Sắt Thé Xây Dựng Pomiona\r\n</h1>\r\n\r\n<p>\r\n	<strong><strong>LIÊN HỆ : 0</strong></strong>\r\n</p>\r\n\r\n<p>\r\n	<strong>&nbsp;( Đặc biệt : Có hoa hồng cho người giới thiệu )</strong>\r\n</p>\r\n\r\n<p style="text-align: center;">\r\n	<img alt="Bảng báo giá tép Pomina mới nhất hiện nay" src="http://media.bizwebmedia.net/sites/97379/data/Upload/2015/1/gia_thep_pomina.jpg">\r\n</p>\r\n\r\n<h2>\r\n	Bảng báo giá tép Pomina mới nhất hiện nay\r\n</h2>\r\n\r\n<p>\r\n	<em>Bảng báo SẮT THÉP POMINA&nbsp;trên&nbsp;chỉ mang tính chất kham khảo và luôn có sự thay đổi theo thị trường nên quý khách vui lòng gọi trực tiếp đến tổng đài hoặc đường giây nóng cho chúng tôi để cập nhật đúng thông tin giá cả chính xác nhất.</em>\r\n</p>\r\n\r\n<p>\r\n	&nbsp;\r\n</p>\r\n\r\n<p>\r\n	<strong><em>Vật Liệu Thép Khánh Nam&nbsp;Dám Cam Kết với khách hàng về chất lượng và uy tín tại &nbsp;hồ chí minh! Quẳng Gánh Lo Âu: Làm trọn công việc như đó là danh dự của chúng tôi.</em></strong>\r\n</p>\r\n\r\n<p>\r\n	-&nbsp;<strong>Phương thức thanh toán</strong>&nbsp; &nbsp; &nbsp;|&nbsp;Thanh toán tiền mặt hoặc chuyển khoản qua ngân hàng việt nam<br>\r\n	-&nbsp;<strong>Phương thức giao nhận</strong>&nbsp; &nbsp; &nbsp; &nbsp;|&nbsp;Thép cuộn giao theo phiếu cân, thép cây giao hàng theo parem nhà máy.&nbsp;<br>\r\n	-&nbsp;<strong>Thời gian giao hàng</strong>&nbsp;&nbsp;&nbsp; &nbsp; &nbsp; &nbsp; &nbsp; &nbsp;| Theo thỏa thuận.<br>\r\n	-&nbsp;<strong>Địa điểm giao hàng &nbsp; &nbsp; &nbsp; &nbsp; &nbsp; &nbsp; &nbsp;&nbsp;</strong>|&nbsp;Sắt&nbsp;Thép pomina&nbsp;giao tại Hồ chí minh và các tỉnh lân cận&nbsp;<br>\r\n	-&nbsp;<strong>Hiệu lực báo giá</strong>&nbsp; &nbsp; &nbsp; &nbsp; &nbsp; &nbsp; &nbsp; &nbsp; &nbsp; &nbsp;&nbsp;| Có giá trị thời điểm, có thể thay đổi theo giá của nhà máy\r\n</p>\r\n\r\n<p style="text-align: center;">\r\n	<img alt="Giá sắt thép pomina cập nhật trong ngày - ảnh sản phẩm" src="http://media.bizwebmedia.net/sites/97379/data/Upload/2015/1/gia_sat_thep_pomina.jpg" style="height: 50%; width: 50%;">\r\n</p>\r\n\r\n<p>\r\n	<em><strong>Giá sắt thép pomina cập nhật trong ngày - ảnh sản phẩm</strong></em>\r\n</p>\r\n\r\n<p>\r\n	<strong><em>Hotline:&nbsp;</em></strong>\r\n</p>', 'images/uploads/images/chuyenmuc/category-ca-info-intro.jpg', 'Báo Giá Sắt Thép Pomina', '<p>\r\n	Báo Giá Sắt Thép Pomina\r\n</p>', 'Báo Giá Sắt Thép Pomina', 44, 1, 1, '2018-03-29 02:37:48', '2018-03-29 02:37:48'),
(2, 'Báo Giá Sắt Thép Việt Nhật', 'bao-gia-sat-thep-viet-nhat', '<p>\r\n	Báo Giá Sắt Thép Việt Nhật\r\n</p>', '<p>\r\n	<strong>Giá thép việt nhật</strong>&nbsp;hôm nay tại nhà máy Thép Vina Kyoei &nbsp;ở&nbsp;Phú Mỹ, Vũng Tàu được niêm yết theo chiều hướng giảm nhẹ . Hiện Tại theo brem nhà máy&nbsp;<em><strong>giá sắt thép việt nhật</strong></em><a href="http://giatonthep.com/thep-viet-nhat-b1592374.html" title="thép việt nhật" type="thép việt nhật">&nbsp;</a>giao động từ 12,900/kg . Được biết giá còn giảm xuống ở mấy tháng tiếp theo năm 2017.\r\n</p>\r\n\r\n<p>\r\n	Sài Gòn cmc là một trong những nhà phân phối lớn nhất tại khu vực miền nam cung ứng sản phẩm&nbsp;sắt thép xây dựng&nbsp;- thép việt nhật chĩnh hãng .&nbsp;Với phương châm&nbsp;&#39;giao hàng lẻ bằng giá sỉ&nbsp;&#39;cùng mạng lưới cung cấp rộng khắp trong khu vực thành phố và các tỉnh lân cận.\r\n</p>\r\n\r\n<p>\r\n	Hiện nay hàng ngàn cửa hàng, đại lý, công trình xây dựng,chủ đầu tư, nhà thầu..đã xem Thép Khánh Nam là một địa chỉ mua hàng quen thuộc và tin cậy, một nhà cung ứng thép xây dựng việt nhật&nbsp;&nbsp;uy tín chất lượng hàng đầu. Để quý khách hàng nắm vững về sản phẩm cũng như giá sắt&nbsp;thép việt nhật&nbsp;nhanh nhất - chính xác nhất.\r\n</p>\r\n\r\n<h1>\r\n	Bảng Giá Thép Việt Nhật - Báo Giá Sắt Thép Xây Dựng Việt Nhật\r\n</h1>\r\n\r\n<p>\r\n	<strong><strong>LIÊN HỆ :&nbsp;</strong></strong>\r\n</p>\r\n\r\n<p>\r\n	<strong>&nbsp;( Đặc biệt : Có hoa hồng cho người giới thiệu )</strong>\r\n</p>\r\n\r\n<h2>\r\n	&nbsp; &nbsp; &nbsp;&nbsp;<strong>&nbsp;<u>Đơn&nbsp;vị chúng tôi xin gửi&nbsp;đến Quý khách&nbsp;bảng giá thép việt nhật dưới đây</u></strong>\r\n</h2>\r\n\r\n<p style="text-align: center;">\r\n	<img alt="Giá sắt thép việt nhật cập nhật liên tục từ nhà máy phát hành" src="http://media.bizwebmedia.net/sites/97379/data/Upload/2015/1/gia_thep_viet_nhat_13.jpg" style="height: 80%; width: 80%;">\r\n</p>\r\n\r\n<h4>\r\n	<em>Giá sắt thép việt nhật cập nhật liên tục từ nhà máy phát hành</em>\r\n</h4>\r\n\r\n<p>\r\n	<strong>Bảng giá thép việt nhật</strong><em>&nbsp;trên&nbsp;chỉ mang tính chất kham khảo và luôn có sự thay đổi theo thị trường nên quý khách vui lòng gọi trực tiếp đến tổng đài hoặc đường giây nóng cho chúng tôi để cập nhật đúng thông tin giá cả chính xác nhất.</em>\r\n</p>\r\n\r\n<p>\r\n	&nbsp;\r\n</p>\r\n\r\n<p>\r\n	-&nbsp;<strong>Phương thức thanh toán</strong>&nbsp; &nbsp; &nbsp;|&nbsp;Thanh toán tiền mặt hoặc chuyển khoản qua ngân hàng việt nam<br>\r\n	-&nbsp;<strong>Phương thức giao nhận</strong>&nbsp; &nbsp; &nbsp; &nbsp;|&nbsp;Thép cuộn giao theo phiếu cân, thép cây giao hàng theo parem nhà máy.&nbsp;<br>\r\n	-&nbsp;<strong>Thời gian giao hàng</strong>&nbsp;&nbsp;&nbsp; &nbsp; &nbsp; &nbsp; &nbsp; &nbsp;| Theo thỏa thuận.<br>\r\n	-&nbsp;<strong>Địa điểm giao hàng &nbsp; &nbsp; &nbsp; &nbsp; &nbsp; &nbsp; &nbsp;&nbsp;</strong>| Thép Vina Kyoei&nbsp;giao tại Hồ chí minh và các tỉnh lân cận&nbsp;<br>\r\n	-&nbsp;<strong>Hiệu lực báo giá</strong>&nbsp; &nbsp; &nbsp; &nbsp; &nbsp; &nbsp; &nbsp; &nbsp; &nbsp; &nbsp;&nbsp;| Có giá trị thời điểm, có thể thay đổi theo giá của nhà máy\r\n</p>\r\n\r\n<p>\r\n	<strong><em>Vật Liệu Thép Khánh Nam&nbsp;Dám Cam Kết với khách hàng về chất lượng và uy tín tại &nbsp;hồ chí minh! Quẳng Gánh Lo Âu: Làm trọn công việc như đó là danh dự của chúng tôi.</em></strong>\r\n</p>\r\n\r\n<h2>\r\n	DẤU HIỆU NHẬN BIẾT THÉP VIỆT NHẬT CHÍNH HÃNG\r\n</h2>\r\n\r\n<h4>\r\n	<strong>Để nhận biết&nbsp; đúng là thép gân việt nhật&nbsp;&nbsp;của Vina Kyoei xin chú ý các điểm sau:</strong>\r\n</h4>\r\n\r\n<p>\r\n	Trên thanh thép phải có: hình dấu thập nổi (hay còn gọi là &quot;Hoa Mai&quot;), chỉ số đường kính ở mặt đối diện giữa 2 &quot;Hoa Mai&quot;). Đặc biệt lưu ý: khoảng cách giữ hai &quot;Hoa Mai&quot; hay &quot;chỉ số đường kính&quot; liên tiếp nhau phải từ 1,0m đến 1,2m tuỳ đường kính trục cán như hình minh hoạ. &nbsp; &nbsp; &nbsp; &nbsp; &nbsp; &nbsp; &nbsp;&nbsp;&nbsp; &nbsp; &nbsp; &nbsp; &nbsp; &nbsp; &nbsp; &nbsp; &nbsp; &nbsp; &nbsp; &nbsp; &nbsp; &nbsp; &nbsp; &nbsp; &nbsp; &nbsp; &nbsp; &nbsp; &nbsp; &nbsp; &nbsp; &nbsp; &nbsp;&nbsp;\r\n</p>\r\n\r\n<p>\r\n	<br>\r\n	<img alt="Dấu hiệu nhận biết sắt thép việt nhật chính hãng" src="http://media.bizwebmedia.net/sites/81311/data/Upload/2014/11/bao_gia_thep_viet_nhat.png">\r\n</p>\r\n\r\n<h4>\r\n	<em><strong>Dấu hiệu nhận biết sắt thép việt nhật chính hãng</strong></em>\r\n</h4>\r\n\r\n<p>\r\n	<strong><em>Hotline:</em></strong>\r\n</p>', 'images/uploads/images/chuyenmuc/category-ca-info-intro.jpg', 'Báo Giá Sắt Thép Việt Nhật', '<p>\r\n	Báo Giá Sắt Thép Việt Nhật\r\n</p>', 'Báo Giá Sắt Thép Việt Nhật', 44, 1, 1, '2018-03-29 02:42:40', '2018-03-29 02:42:40'),
(3, 'Giới Thiệu', 'gioi-thieu', '<p>\r\n	Giới Thiệu\r\n</p>', '<p>\r\n	<img alt="" src="http://media.bizwebmedia.net/Sites/97379/data/banners/logo(1).png?0"><strong>Sài Gòn CMC kính chào quý khách, chúc quý khách sức khỏe, thịnh vượng và thành công !</strong>\r\n</p>\r\n\r\n<p>\r\n	Saigoncmc.vn là website trực thuộc Công ty CP Sản xuất TM VLXD Sài Gòn.Sau nhiều năm phát triển,&nbsp;<a href="http://vatlieuxaydungcmc.com/vat-lieu-xay-dung"><strong>Công ty vật liệu xây dựng</strong></a>CMC&nbsp;đã &nbsp;vươn lên &nbsp;đứng đầu thị trường Miền Nam trong lĩnh vực phân phối vật liệu xây dựng.\r\n</p>\r\n\r\n<p>\r\n	Chúng tôi có hệ thống kho hàng khắp trên tất cả các quận tại Hồ Chí Minh và các tỉnh lân cận, cùng với đó đội ngũ chuyên nghiệp bao gồm: Nhân viên tư vấn chuyên nghiệp nhiệt tình, nhà xưởng,kho hàng và xe tải lớn nhỏ để vận chuyển tới tận công trình cho khách hàng.\r\n</p>\r\n\r\n<p>\r\n	Sản phẩm SaigonCMC cung cấp bao gồm các vật liệu như : Gạch,cát , đá ,xi măng, thép xây dựng,<a href="http://saigoncmc.vn/thep-hop-xay-dung-b1536425.html" title="thép hộp" type="thép hộp">thép hộp</a>,&hellip;.Đảm bảo khi quý khách hàng tìm đến với chúng tôi quý khách hàng sẽ có thể gặp một nhà cung cấp &nbsp;có thể cung cấp đầy đủ các vật liệu &nbsp;giúp quý khách hàng đang cần để phục vụ cho công trình mà không cần tìm tới các nhà cung cấp nhỏ lẻ khác.\r\n</p>\r\n\r\n<p>\r\n	<a href="http://vatlieuxaydungcmc.com/vat-lieu-xay-dung"><strong>Công ty vật liệu xây dựng</strong></a>&nbsp;CMC chúng tôi là nhà phân phối hàng đầu các chủng loại thép sản xuất trong nước và thép nhập khẩu của các thương hiệu lớn và có uy tín như: Thép Pomina, &nbsp;Thép Việt Nhật, Thép Việt &ndash; Úc, Thép Úc, Thép Miền Nam, Thép Hòa Phát, Thép Dana &ndash; Ý, Thép Việt Ý, Thép Việt Đức&hellip; &nbsp;Bên cạnh đó, Công ty còn là đại lý cung cấp thép hình các loại: thép I, thép U, thép V, thép tấm, thép ống&hellip; Ngoài ra Công ty còn là nhà phân phối chính thức của các loại tôn lợp mái của các thương hiệu như: Tôn Phương Nam, tôn Hoa Sen, tôn Việt Pháp, tôn Đông Á, tôn Trung Nguyên, tôn NakI và vật liệu xây dựng các loại.\r\n</p>\r\n\r\n<p>\r\n	Quý khách hàng đến với SaiGonCMC có thể yên tâm về giá sản phẩm luôn là báo giá mới &nbsp;nhất cập nhật từ các nhà máy sản xuât,với tiêu chí chất lượng, khối lượng đủ, và uy tín cùng phát triển.\r\n</p>\r\n\r\n<p>\r\n	Sài Gòn CMC chân thành cảm ơn quý khách hàng, bạn hàng, công ty xây dựng,... đã đồng hành và &nbsp;phát triển trong thời gian qua.Chúng tôi cam kết sẽ hỗ trợ đồng hành để cùng phát triển.\r\n</p>\r\n\r\n<h3>\r\n	Thông tin liên hệ SaigonCMC :\r\n</h3>\r\n\r\n<table border="0" cellpadding="5" cellspacing="20" id="thông tin liên hệ saigoncmc">\r\n	<tbody>\r\n		<tr>\r\n			<td>\r\n				<strong>VĂN PHÒNG GIAO DỊCH :</strong><br>\r\n				40A Cống Lở - P.15- Q.Tân Bình - Tp.HCM<br>\r\n				Tel: 0909 789 888 - 08 6675 0968<br>\r\n				Fax: 08 3526 9999 - 08 6273 9888<br>\r\n				Email: ceo@saigoncmc.vn<br>\r\n				Webiste :&nbsp;<a href="http://www.saigoncmc.vn/" id="vật liệu xây dựng" title="vật liệu xây dựng" type="vật liệu xây dựng">www.saigoncmc.vn</a>\r\n			</td>\r\n			<td>\r\n				<strong>TRỤ SỞ CHÍNH :</strong><br>\r\n				CÔNG TY &nbsp;CỔ PHẦN SX -TM VLXD SÀI GÒN<br>\r\n				lầu 2 - 99/3 Nguyễn Hữu Dật - P. Tây Thạnh - Q. Tân Phú<br>\r\n				Tel: - 0909 789 888 - &nbsp;08 6273 9888<br>\r\n				Fax: 08 3526 9999 &nbsp;- 0977 240 310&nbsp;<br>\r\n				Email: vatlieusaigoncmc@gmail.com\r\n			</td>\r\n			<td>\r\n				<strong>KHO HÀNG :</strong>&nbsp;<br>\r\n				kho 1 : 18 Lam Sơn - P.2 - Quận Tân Bình - Q.Tân Bình<br>\r\n				kho 2 : 97 Nguyễn Hữu Dật - P.Tây Thạnh - Q. Tân Phú<br>\r\n				kho 3 : CN 9 &nbsp;- KCN Tân Bình - Q. Tân Bình - HCM<br>\r\n				Tel : 09 7553 7554 &nbsp;- &nbsp;08 6675 0968<br>\r\n				Email: khohang@saigoncmc.vn&nbsp;\r\n			</td>\r\n		</tr>\r\n	</tbody>\r\n</table>', 'images/uploads/images/chuyenmuc/category-ca-info-intro.jpg', 'Giới Thiệu', 'Giới Thiệu', 'Giới Thiệu', 1, 1, 1, '2018-03-29 02:45:49', '2018-03-29 03:04:25'),
(4, 'Liên Hệ', 'lien-he', '<p>\r\n	Liên Hệ\r\n</p>', '<p>\r\n	Liên Hệ\r\n</p>', 'images/uploads/images/chuyenmuc/category-ca-info-intro.jpg', 'Liên Hệ', 'Liên Hệ', 'Liên Hệ', 1, 1, 1, '2018-03-29 02:46:50', '2018-03-29 02:46:50');

-- --------------------------------------------------------

--
-- Table structure for table `products`
--

CREATE TABLE `products` (
  `id` int(10) UNSIGNED NOT NULL,
  `name` varchar(191) COLLATE utf8mb4_unicode_ci NOT NULL,
  `path` varchar(191) COLLATE utf8mb4_unicode_ci NOT NULL,
  `isActive` tinyint(1) NOT NULL DEFAULT '0',
  `image` varchar(191) COLLATE utf8mb4_unicode_ci DEFAULT NULL,
  `description` longtext COLLATE utf8mb4_unicode_ci,
  `content` longtext COLLATE utf8mb4_unicode_ci NOT NULL,
  `code` varchar(191) COLLATE utf8mb4_unicode_ci DEFAULT NULL,
  `seo_title` varchar(191) COLLATE utf8mb4_unicode_ci DEFAULT NULL,
  `seo_description` text COLLATE utf8mb4_unicode_ci,
  `seo_keywords` text COLLATE utf8mb4_unicode_ci,
  `price` varchar(191) COLLATE utf8mb4_unicode_ci DEFAULT '0',
  `sale` int(11) NOT NULL DEFAULT '0',
  `final_price` varchar(191) COLLATE utf8mb4_unicode_ci DEFAULT '0',
  `order` int(11) NOT NULL DEFAULT '1',
  `user_id` int(10) UNSIGNED NOT NULL,
  `category_product_id` int(10) UNSIGNED NOT NULL,
  `created_at` timestamp NULL DEFAULT NULL,
  `updated_at` timestamp NULL DEFAULT NULL
) ENGINE=InnoDB DEFAULT CHARSET=utf8mb4 COLLATE=utf8mb4_unicode_ci;

--
-- Dumping data for table `products`
--

INSERT INTO `products` (`id`, `name`, `path`, `isActive`, `image`, `description`, `content`, `code`, `seo_title`, `seo_description`, `seo_keywords`, `price`, `sale`, `final_price`, `order`, `user_id`, `category_product_id`, `created_at`, `updated_at`) VALUES
(1, 'Thép Hình Pomina - Đại Lý Cấp 1 Thép Hình Pomina Giá Rẻ', 'thep-hinh-pomina-dai-ly-cap-1-thep-hinh-pomina-gia-re', 1, 'images/uploads/images/sanpham/thep_1.jpg', '<p>\r\n	<strong>Với hệ thống kho hàng rải khắp các quận tại Hồ&nbsp;Chí&nbsp;Minh và các tỉnh lận cận&nbsp;:</strong>&nbsp; Bình Dương,Long An, Tây Ninh, Bình Thuận, Nha Trang,Phan Thiết,Bến Tre, An Giang,Vũng Tàu, Đồng Tháp, Bình Phước,Cà Mau, Cần Thơ, Sóc Trăng.\r\n</p>\r\n\r\n<p>\r\n	Thép Khánh Nam&nbsp;sẵn sàng đáp ứng mọi nhu cầu của khách hàng !\r\n</p>\r\n\r\n<h3>\r\n	Chúng tôi có xe lớn, xe nhỏ cùng đội ngũ nhân viên trẻ, nhiệt tình&nbsp;sẵn sàng&nbsp;giao hàng tới tận công trình.\r\n</h3>\r\n\r\n<p>\r\n	- Giao hàng miễn phí các quận tại Tp. Hồ Chí Minh\r\n</p>', '<p>\r\n	<strong>Thép Hình Pomina</strong>\r\n</p>', 'WS 821-12', 'Thép Hình Pomina', 'Thép Hình Pomina', 'Thép Hình Pomina', '0', 0, '0', 1, 1, 2, '2018-03-27 03:30:12', '2018-03-28 03:09:19'),
(2, 'Thép Cuộn Pomina - Đại Lý Thép Cuộn Pomina Giá Rẻ', 'thep-cuon-pomina-dai-ly-thep-cuon-pomina-gia-re', 1, 'images/uploads/images/sanpham/thep_2.jpg', '<p>\r\n	<strong>Với hệ thống kho hàng rải khắp các quận tại Hồ&nbsp;Chí&nbsp;Minh và các tỉnh lận cận&nbsp;:</strong>&nbsp; Bình Dương,Long An, Tây Ninh, Bình Thuận, Nha Trang,Phan Thiết,Bến Tre, An Giang,Vũng Tàu, Đồng Tháp, Bình Phước,Cà Mau, Cần Thơ, Sóc Trăng.\r\n</p>\r\n\r\n<p>\r\n	Thép Khánh Nam&nbsp;sẵn sàng đáp ứng mọi nhu cầu của khách hàng !\r\n</p>\r\n\r\n<h3>\r\n	Chúng tôi có xe lớn, xe nhỏ cùng đội ngũ nhân viên trẻ, nhiệt tình&nbsp;sẵn sàng&nbsp;giao hàng tới tận công trình.\r\n</h3>\r\n\r\n<p>\r\n	- Giao hàng miễn phí các quận tại Tp. Hồ Chí Minh\r\n</p>', '<p>\r\n	<strong>Thép Cuộn Pomina - Đại Lý Thép Cuộn Pomina Giá Rẻ</strong>\r\n</p>', 'WS 821-12', 'Thép Cuộn Pomina - Đại Lý Thép Cuộn Pomina Giá Rẻ', 'Thép Cuộn Pomina - Đại Lý Thép Cuộn Pomina Giá Rẻ', 'Thép Cuộn Pomina,Đại Lý Thép Cuộn Pomina Giá Rẻ', '0', 0, '0', 1, 1, 2, '2018-03-27 03:30:12', '2018-03-28 03:13:07'),
(3, 'Thép Tròn Trơn Pomina - Đại Lý Thép Tròn Trơn Pomina Giá Rẻ', 'thep-tron-tron-pomina-dai-ly-thep-tron-tron-pomina-gia-re', 1, 'images/uploads/images/sanpham/thep_4.jpg', '<p>\r\n	<strong>Với hệ thống kho hàng rải khắp các quận tại Hồ&nbsp;Chí&nbsp;Minh và các tỉnh lận cận&nbsp;:</strong>&nbsp; Bình Dương,Long An, Tây Ninh, Bình Thuận, Nha Trang,Phan Thiết,Bến Tre, An Giang,Vũng Tàu, Đồng Tháp, Bình Phước,Cà Mau, Cần Thơ, Sóc Trăng.\r\n</p>\r\n\r\n<p>\r\n	Thép Khánh Nam&nbsp;sẵn sàng đáp ứng mọi nhu cầu của khách hàng !\r\n</p>\r\n\r\n<h3>\r\n	Chúng tôi có xe lớn, xe nhỏ cùng đội ngũ nhân viên trẻ, nhiệt tình&nbsp;sẵn sàng&nbsp;giao hàng tới tận công trình.\r\n</h3>\r\n\r\n<p>\r\n	- Giao hàng miễn phí các quận tại Tp. Hồ Chí Minh\r\n</p>', '<p>\r\n	Thép Tròn Trơn Pomina - Đại Lý Thép Tròn Trơn Pomina Giá Rẻ\r\n</p>', 'WS 821-12', 'Thép Tròn Trơn Pomina - Đại Lý Thép Tròn Trơn Pomina Giá Rẻ', 'Thép Tròn Trơn Pomina,Đại Lý Thép Tròn Trơn Pomina Giá Rẻ', 'Thép Tròn Trơn Pomina,Đại Lý Thép Tròn Trơn Pomina Giá Rẻ', '0', 0, '0', 1, 1, 2, '2018-03-27 03:30:12', '2018-03-28 03:14:38'),
(4, 'Thép Vằn Pomina - Đại Lý Thép Vằn Pomina Giá Rẻ', 'thep-van-pomina-dai-ly-thep-van-pomina-gia-re', 1, 'images/uploads/images/sanpham/thep_3.jpg', '<p>\r\n	<strong>Với hệ thống kho hàng rải khắp các quận tại Hồ&nbsp;Chí&nbsp;Minh và các tỉnh lận cận&nbsp;:</strong>&nbsp; Bình Dương,Long An, Tây Ninh, Bình Thuận, Nha Trang,Phan Thiết,Bến Tre, An Giang,Vũng Tàu, Đồng Tháp, Bình Phước,Cà Mau, Cần Thơ, Sóc Trăng.\r\n</p>\r\n\r\n<p>\r\n	Thép Khánh Nam&nbsp;sẵn sàng đáp ứng mọi nhu cầu của khách hàng !\r\n</p>\r\n\r\n<h3>\r\n	Chúng tôi có xe lớn, xe nhỏ cùng đội ngũ nhân viên trẻ, nhiệt tình&nbsp;sẵn sàng&nbsp;giao hàng tới tận công trình.\r\n</h3>\r\n\r\n<p>\r\n	- Giao hàng miễn phí các quận tại Tp. Hồ Chí Minh\r\n</p>', '<p>\r\n	Thép Vằn Pomina - Đại Lý Thép Vằn Pomina Giá Rẻ\r\n</p>', 'WS 821-12', 'Thép Vằn Pomina - Đại Lý Thép Vằn Pomina Giá Rẻ', 'Thép Vằn Pomina - Đại Lý Thép Vằn Pomina Giá Rẻ', 'Thép Vằn Pomina,Đại Lý Thép Vằn Pomina Giá Rẻ', '0', 0, '0', 1, 1, 2, '2018-03-27 03:30:12', '2018-03-28 03:14:02'),
(5, 'Thép Pomina Phi 22 - Bảng Báo Giá Sắt Thép Pomina Ø 22', 'thep-pomina-phi-22-bang-bao-gia-sat-thep-pomina-22', 1, 'images/uploads/images/sanpham/thep_3.jpg', '<p>\r\n	<strong>Với hệ thống kho hàng rải khắp các quận tại Hồ&nbsp;Chí&nbsp;Minh và các tỉnh lận cận&nbsp;:</strong>&nbsp; Bình Dương,Long An, Tây Ninh, Bình Thuận, Nha Trang,Phan Thiết,Bến Tre, An Giang,Vũng Tàu, Đồng Tháp, Bình Phước,Cà Mau, Cần Thơ, Sóc Trăng.\r\n</p>\r\n\r\n<p>\r\n	Thép Khánh Nam&nbsp;sẵn sàng đáp ứng mọi nhu cầu của khách hàng !\r\n</p>\r\n\r\n<h3>\r\n	Chúng tôi có xe lớn, xe nhỏ cùng đội ngũ nhân viên trẻ, nhiệt tình&nbsp;sẵn sàng&nbsp;giao hàng tới tận công trình.\r\n</h3>\r\n\r\n<p>\r\n	- Giao hàng miễn phí các quận tại Tp. Hồ Chí Minh\r\n</p>', '<p>\r\n	Thép Pomina Phi 22 - Bảng Báo Giá Sắt Thép Pomina Ø 22\r\n</p>', 'WS 821-12', 'Thép Pomina Phi 22 - Bảng Báo Giá Sắt Thép Pomina Ø 22', 'Thép Pomina Phi 22 - Bảng Báo Giá Sắt Thép Pomina Ø 22', 'Thép Pomina Phi 22,Bảng Báo Giá Sắt Thép Pomina Ø 22', '0', 0, '0', 1, 1, 2, '2018-03-27 03:30:12', '2018-03-28 03:17:25'),
(6, 'Thép Pomina Phi 25 - Bảng Báo Giá Sắt Thép Pomina Ø 25', 'thep-pomina-phi-25-bang-bao-gia-sat-thep-pomina-25', 1, 'images/uploads/images/sanpham/thep_7.jpg', '<p>\r\n	<strong>Với hệ thống kho hàng rải khắp các quận tại Hồ&nbsp;Chí&nbsp;Minh và các tỉnh lận cận&nbsp;:</strong>&nbsp; Bình Dương,Long An, Tây Ninh, Bình Thuận, Nha Trang,Phan Thiết,Bến Tre, An Giang,Vũng Tàu, Đồng Tháp, Bình Phước,Cà Mau, Cần Thơ, Sóc Trăng.\r\n</p>\r\n\r\n<p>\r\n	Thép Khánh Nam&nbsp;sẵn sàng đáp ứng mọi nhu cầu của khách hàng !\r\n</p>\r\n\r\n<h3>\r\n	Chúng tôi có xe lớn, xe nhỏ cùng đội ngũ nhân viên trẻ, nhiệt tình&nbsp;sẵn sàng&nbsp;giao hàng tới tận công trình.\r\n</h3>\r\n\r\n<p>\r\n	- Giao hàng miễn phí các quận tại Tp. Hồ Chí Minh\r\n</p>', '<p>\r\n	Thép Pomina Phi 25 - Bảng Báo Giá Sắt Thép Pomina Ø 25\r\n</p>', 'WS 821-12', 'Thép Pomina Phi 25 - Bảng Báo Giá Sắt Thép Pomina Ø 25', 'Thép Pomina Phi 25 - Bảng Báo Giá Sắt Thép Pomina Ø 25', 'Thép Pomina Phi 25,Bảng Báo Giá Sắt Thép Pomina Ø 25', '0', 0, '0', 1, 1, 2, '2018-03-27 03:30:12', '2018-03-28 03:16:48'),
(7, 'Thép Pomina Phi 28 - Bảng Báo Giá Sắt Thép Pomina Ø 28', 'thep-pomina-phi-28-bang-bao-gia-sat-thep-pomina-28', 1, 'images/uploads/images/sanpham/thep_3.jpg', '<p>\r\n	<strong>Với hệ thống kho hàng rải khắp các quận tại Hồ&nbsp;Chí&nbsp;Minh và các tỉnh lận cận&nbsp;:</strong>&nbsp; Bình Dương,Long An, Tây Ninh, Bình Thuận, Nha Trang,Phan Thiết,Bến Tre, An Giang,Vũng Tàu, Đồng Tháp, Bình Phước,Cà Mau, Cần Thơ, Sóc Trăng.\r\n</p>\r\n\r\n<p>\r\n	Thép Khánh Nam&nbsp;sẵn sàng đáp ứng mọi nhu cầu của khách hàng !\r\n</p>\r\n\r\n<h3>\r\n	Chúng tôi có xe lớn, xe nhỏ cùng đội ngũ nhân viên trẻ, nhiệt tình&nbsp;sẵn sàng&nbsp;giao hàng tới tận công trình.\r\n</h3>\r\n\r\n<p>\r\n	- Giao hàng miễn phí các quận tại Tp. Hồ Chí Minh\r\n</p>', '<p>\r\n	Thép Pomina Phi 28 - Bảng Báo Giá Sắt Thép Pomina Ø 28\r\n</p>', 'WS 821-12', 'Thép Pomina Phi 28 - Bảng Báo Giá Sắt Thép Pomina Ø 28', 'Thép Pomina Phi 28 - Bảng Báo Giá Sắt Thép Pomina Ø 28', 'Thép Pomina Phi 28,Bảng Báo Giá Sắt Thép Pomina Ø 28', '0', 0, '0', 1, 1, 2, '2018-03-27 03:30:12', '2018-03-28 03:16:11'),
(8, 'Thép Pomina Phi 32 - Bảng Báo Giá Sắt Thép Pomina Ø 32', 'thep-pomina-phi-32-bang-bao-gia-sat-thep-pomina-32', 1, 'images/uploads/images/sanpham/thep_3.jpg', '<p>\r\n	<strong>Với hệ thống kho hàng rải khắp các quận tại Hồ&nbsp;Chí&nbsp;Minh và các tỉnh lận cận&nbsp;:</strong>&nbsp; Bình Dương,Long An, Tây Ninh, Bình Thuận, Nha Trang,Phan Thiết,Bến Tre, An Giang,Vũng Tàu, Đồng Tháp, Bình Phước,Cà Mau, Cần Thơ, Sóc Trăng.\r\n</p>\r\n\r\n<p>\r\n	Thép Khánh Nam&nbsp;sẵn sàng đáp ứng mọi nhu cầu của khách hàng !\r\n</p>\r\n\r\n<h3>\r\n	Chúng tôi có xe lớn, xe nhỏ cùng đội ngũ nhân viên trẻ, nhiệt tình&nbsp;sẵn sàng&nbsp;giao hàng tới tận công trình.\r\n</h3>\r\n\r\n<p>\r\n	- Giao hàng miễn phí các quận tại Tp. Hồ Chí Minh\r\n</p>', '<p>\r\n	Thép Pomina Phi 32 - Bảng Báo Giá Sắt Thép Pomina Ø 32\r\n</p>', 'WS 821-12', 'Thép Pomina Phi 32 - Bảng Báo Giá Sắt Thép Pomina Ø 32', 'Thép Pomina Phi 32 - Bảng Báo Giá Sắt Thép Pomina Ø 32', 'Thép Pomina Phi 32,Bảng Báo Giá Sắt Thép Pomina Ø 32', '0', 0, '0', 1, 1, 2, '2018-03-27 03:30:12', '2018-03-28 03:15:39'),
(9, 'Thép Pomina Phi 14 - Bảng Báo Giá Sắt Thép Pomina Ø 14', 'thep-pomina-phi-14-bang-bao-gia-sat-thep-pomina-14', 1, 'images/uploads/images/sanpham/thep_12.jpg', '<p>\r\n	<strong>Với hệ thống kho hàng rải khắp các quận tại Hồ&nbsp;Chí&nbsp;Minh và các tỉnh lận cận&nbsp;:</strong>&nbsp; Bình Dương,Long An, Tây Ninh, Bình Thuận, Nha Trang,Phan Thiết,Bến Tre, An Giang,Vũng Tàu, Đồng Tháp, Bình Phước,Cà Mau, Cần Thơ, Sóc Trăng.\r\n</p>\r\n\r\n<p>\r\n	Thép Khánh Nam&nbsp;sẵn sàng đáp ứng mọi nhu cầu của khách hàng !\r\n</p>\r\n\r\n<h3>\r\n	Chúng tôi có xe lớn, xe nhỏ cùng đội ngũ nhân viên trẻ, nhiệt tình&nbsp;sẵn sàng&nbsp;giao hàng tới tận công trình.\r\n</h3>\r\n\r\n<p>\r\n	- Giao hàng miễn phí các quận tại Tp. Hồ Chí Minh\r\n</p>', '<p>\r\n	Thép Pomina Phi 14 - Bảng Báo Giá Sắt Thép Pomina Ø 14\r\n</p>', 'WS 821-12', 'Thép Pomina Phi 14 - Bảng Báo Giá Sắt Thép Pomina Ø 14', 'Thép Pomina Phi 14 - Bảng Báo Giá Sắt Thép Pomina Ø 14', 'Thép Pomina Phi 14,Bảng Báo Giá Sắt Thép Pomina Ø 14', '0', 0, '0', 1, 1, 2, '2018-03-27 03:30:12', '2018-03-28 03:20:24'),
(10, 'Thép Pomina Phi 16 - Bảng Báo Giá Sắt Thép Pomina Ø 16', 'thep-pomina-phi-16-bang-bao-gia-sat-thep-pomina-16', 1, 'images/uploads/images/sanpham/thep_11.jpg', '<p>\r\n	<strong>Với hệ thống kho hàng rải khắp các quận tại Hồ&nbsp;Chí&nbsp;Minh và các tỉnh lận cận&nbsp;:</strong>&nbsp; Bình Dương,Long An, Tây Ninh, Bình Thuận, Nha Trang,Phan Thiết,Bến Tre, An Giang,Vũng Tàu, Đồng Tháp, Bình Phước,Cà Mau, Cần Thơ, Sóc Trăng.\r\n</p>\r\n\r\n<p>\r\n	Thép Khánh Nam&nbsp;sẵn sàng đáp ứng mọi nhu cầu của khách hàng !\r\n</p>\r\n\r\n<h3>\r\n	Chúng tôi có xe lớn, xe nhỏ cùng đội ngũ nhân viên trẻ, nhiệt tình&nbsp;sẵn sàng&nbsp;giao hàng tới tận công trình.\r\n</h3>\r\n\r\n<p>\r\n	- Giao hàng miễn phí các quận tại Tp. Hồ Chí Minh\r\n</p>', '<p>\r\n	Thép Pomina Phi 16 - Bảng Báo Giá Sắt Thép Pomina Ø 16\r\n</p>', 'WS 821-12', 'Thép Pomina Phi 16 - Bảng Báo Giá Sắt Thép Pomina Ø 16', 'Thép Pomina Phi 16 - Bảng Báo Giá Sắt Thép Pomina Ø 16', 'Thép Pomina Phi 16,Bảng Báo Giá Sắt Thép Pomina Ø 16', '0', 0, '0', 1, 1, 2, '2018-03-27 03:30:12', '2018-03-28 03:19:47'),
(11, 'Thép Pomina Phi 18 - Bảng Báo Giá Sắt Thép Pomina Ø 18', 'thep-pomina-phi-18-bang-bao-gia-sat-thep-pomina-18', 1, 'images/uploads/images/sanpham/thep_10.jpg', '<p>\r\n	<strong>Với hệ thống kho hàng rải khắp các quận tại Hồ&nbsp;Chí&nbsp;Minh và các tỉnh lận cận&nbsp;:</strong>&nbsp; Bình Dương,Long An, Tây Ninh, Bình Thuận, Nha Trang,Phan Thiết,Bến Tre, An Giang,Vũng Tàu, Đồng Tháp, Bình Phước,Cà Mau, Cần Thơ, Sóc Trăng.\r\n</p>\r\n\r\n<p>\r\n	Thép Khánh Nam&nbsp;sẵn sàng đáp ứng mọi nhu cầu của khách hàng !\r\n</p>\r\n\r\n<h3>\r\n	Chúng tôi có xe lớn, xe nhỏ cùng đội ngũ nhân viên trẻ, nhiệt tình&nbsp;sẵn sàng&nbsp;giao hàng tới tận công trình.\r\n</h3>\r\n\r\n<p>\r\n	- Giao hàng miễn phí các quận tại Tp. Hồ Chí Minh\r\n</p>', '<p>\r\n	Thép Pomina Phi 18 - Bảng Báo Giá Sắt Thép Pomina Ø 18\r\n</p>', 'WS 821-12', 'Thép Pomina Phi 18 - Bảng Báo Giá Sắt Thép Pomina Ø 18', 'Thép Pomina Phi 18 - Bảng Báo Giá Sắt Thép Pomina Ø 18', 'Thép Pomina Phi 18,Bảng Báo Giá Sắt Thép Pomina Ø 18', '0', 0, '0', 1, 1, 2, '2018-03-27 03:30:12', '2018-03-28 03:19:09'),
(12, 'Thép Pomina Phi 20 - Bảng Báo Giá Sắt Thép Pomina Ø 20', 'thep-pomina-phi-20-bang-bao-gia-sat-thep-pomina-20', 1, 'images/uploads/images/sanpham/thep_9.jpg', '<p>\r\n	<strong>Với hệ thống kho hàng rải khắp các quận tại Hồ&nbsp;Chí&nbsp;Minh và các tỉnh lận cận&nbsp;:</strong>&nbsp; Bình Dương,Long An, Tây Ninh, Bình Thuận, Nha Trang,Phan Thiết,Bến Tre, An Giang,Vũng Tàu, Đồng Tháp, Bình Phước,Cà Mau, Cần Thơ, Sóc Trăng.\r\n</p>\r\n\r\n<p>\r\n	Thép Khánh Nam&nbsp;sẵn sàng đáp ứng mọi nhu cầu của khách hàng !\r\n</p>\r\n\r\n<h3>\r\n	Chúng tôi có xe lớn, xe nhỏ cùng đội ngũ nhân viên trẻ, nhiệt tình&nbsp;sẵn sàng&nbsp;giao hàng tới tận công trình.\r\n</h3>\r\n\r\n<p>\r\n	- Giao hàng miễn phí các quận tại Tp. Hồ Chí Minh\r\n</p>', '<p>\r\n	Thép Pomina Phi 20 - Bảng Báo Giá Sắt Thép Pomina Ø 20\r\n</p>', 'WS 821-12', 'Thép Pomina Phi 20 - Bảng Báo Giá Sắt Thép Pomina Ø 20', 'Thép Pomina Phi 20 - Bảng Báo Giá Sắt Thép Pomina Ø 20', 'Thép Pomina Phi 20,Bảng Báo Giá Sắt Thép Pomina Ø 20', '0', 0, '0', 1, 1, 2, '2018-03-27 03:30:12', '2018-03-28 03:18:27'),
(13, 'Thép Pomina Phi 6 - Bảng Báo Giá Sắt Thép Pomina Ø 6', 'thep-pomina-phi-6-bang-bao-gia-sat-thep-pomina-6', 1, 'images/uploads/images/sanpham/thep_2.jpg', '<p>\r\n	<strong>Với hệ thống kho hàng rải khắp các quận tại Hồ&nbsp;Chí&nbsp;Minh và các tỉnh lận cận&nbsp;:</strong>&nbsp; Bình Dương,Long An, Tây Ninh, Bình Thuận, Nha Trang,Phan Thiết,Bến Tre, An Giang,Vũng Tàu, Đồng Tháp, Bình Phước,Cà Mau, Cần Thơ, Sóc Trăng.\r\n</p>\r\n\r\n<p>\r\n	Thép Khánh Nam&nbsp;sẵn sàng đáp ứng mọi nhu cầu của khách hàng !\r\n</p>\r\n\r\n<h3>\r\n	Chúng tôi có xe lớn, xe nhỏ cùng đội ngũ nhân viên trẻ, nhiệt tình&nbsp;sẵn sàng&nbsp;giao hàng tới tận công trình.\r\n</h3>\r\n\r\n<p>\r\n	- Giao hàng miễn phí các quận tại Tp. Hồ Chí Minh\r\n</p>', '<p>\r\n	Thép Pomina Phi 6 - Bảng Báo Giá Sắt Thép Pomina Ø 6\r\n</p>', 'WS 821-12', 'Thép Pomina Phi 6 - Bảng Báo Giá Sắt Thép Pomina Ø 6', 'Thép Pomina Phi 6 - Bảng Báo Giá Sắt Thép Pomina Ø 6', 'Thép Pomina Phi 6,Bảng Báo Giá Sắt Thép Pomina Ø 6', '0', 0, '0', 1, 1, 2, '2018-03-27 03:30:12', '2018-03-28 03:23:06'),
(14, 'Thép Pomina Phi 8 - Bảng Báo Giá Sắt Thép Pomina Ø 8', 'thep-pomina-phi-8-bang-bao-gia-sat-thep-pomina-8', 1, 'images/uploads/images/sanpham/thep_4.jpg', '<p>\r\n	<strong>Với hệ thống kho hàng rải khắp các quận tại Hồ&nbsp;Chí&nbsp;Minh và các tỉnh lận cận&nbsp;:</strong>&nbsp; Bình Dương,Long An, Tây Ninh, Bình Thuận, Nha Trang,Phan Thiết,Bến Tre, An Giang,Vũng Tàu, Đồng Tháp, Bình Phước,Cà Mau, Cần Thơ, Sóc Trăng.\r\n</p>\r\n\r\n<p>\r\n	Thép Khánh Nam&nbsp;sẵn sàng đáp ứng mọi nhu cầu của khách hàng !\r\n</p>\r\n\r\n<h3>\r\n	Chúng tôi có xe lớn, xe nhỏ cùng đội ngũ nhân viên trẻ, nhiệt tình&nbsp;sẵn sàng&nbsp;giao hàng tới tận công trình.\r\n</h3>\r\n\r\n<p>\r\n	- Giao hàng miễn phí các quận tại Tp. Hồ Chí Minh\r\n</p>', '<p>\r\n	Thép Pomina Phi 8 - Bảng Báo Giá Sắt Thép Pomina Ø 8\r\n</p>', 'WS 821-12', 'Thép Pomina Phi 8 - Bảng Báo Giá Sắt Thép Pomina Ø 8', 'Thép Pomina Phi 8 - Bảng Báo Giá Sắt Thép Pomina Ø 8', 'Thép Pomina Phi 8,Bảng Báo Giá Sắt Thép Pomina Ø 8', '0', 0, '0', 1, 1, 2, '2018-03-27 03:30:12', '2018-03-28 03:22:20'),
(15, 'Thép Pomina Phi 10 - Bảng Báo Giá Sắt Thép Pomina Ø 10', 'thep-pomina-phi-10-bang-bao-gia-sat-thep-pomina-10', 1, 'images/uploads/images/sanpham/thep_14.jpg', '<p>\r\n	<strong>Với hệ thống kho hàng rải khắp các quận tại Hồ&nbsp;Chí&nbsp;Minh và các tỉnh lận cận&nbsp;:</strong>&nbsp; Bình Dương,Long An, Tây Ninh, Bình Thuận, Nha Trang,Phan Thiết,Bến Tre, An Giang,Vũng Tàu, Đồng Tháp, Bình Phước,Cà Mau, Cần Thơ, Sóc Trăng.\r\n</p>\r\n\r\n<p>\r\n	Thép Khánh Nam&nbsp;sẵn sàng đáp ứng mọi nhu cầu của khách hàng !\r\n</p>\r\n\r\n<h3>\r\n	Chúng tôi có xe lớn, xe nhỏ cùng đội ngũ nhân viên trẻ, nhiệt tình&nbsp;sẵn sàng&nbsp;giao hàng tới tận công trình.\r\n</h3>\r\n\r\n<p>\r\n	- Giao hàng miễn phí các quận tại Tp. Hồ Chí Minh\r\n</p>', '<p>\r\n	Thép Pomina Phi 10 - Bảng Báo Giá Sắt Thép Pomina Ø 10\r\n</p>', 'WS 821-12', 'Thép Pomina Phi 10 - Bảng Báo Giá Sắt Thép Pomina Ø 10', 'Thép Pomina Phi 10 - Bảng Báo Giá Sắt Thép Pomina Ø 10', 'Thép Pomina Phi 10,Bảng Báo Giá Sắt Thép Pomina Ø 10', '0', 0, '0', 1, 1, 2, '2018-03-27 03:30:12', '2018-03-28 03:21:33'),
(16, 'Thép Pomina Phi 12 - Bảng Báo Giá Sắt Thép Pomina Ø 12', 'thep-pomina-phi-12-bang-bao-gia-sat-thep-pomina-12', 1, 'images/uploads/images/sanpham/thep_13.jpg', '<p>\r\n	<strong>Với hệ thống kho hàng rải khắp các quận tại Hồ&nbsp;Chí&nbsp;Minh và các tỉnh lận cận&nbsp;:</strong>&nbsp; Bình Dương,Long An, Tây Ninh, Bình Thuận, Nha Trang,Phan Thiết,Bến Tre, An Giang,Vũng Tàu, Đồng Tháp, Bình Phước,Cà Mau, Cần Thơ, Sóc Trăng.\r\n</p>\r\n\r\n<p>\r\n	Thép Khánh Nam&nbsp;sẵn sàng đáp ứng mọi nhu cầu của khách hàng !\r\n</p>\r\n\r\n<h3>\r\n	Chúng tôi có xe lớn, xe nhỏ cùng đội ngũ nhân viên trẻ, nhiệt tình&nbsp;sẵn sàng&nbsp;giao hàng tới tận công trình.\r\n</h3>\r\n\r\n<p>\r\n	- Giao hàng miễn phí các quận tại Tp. Hồ Chí Minh\r\n</p>', '<p>\r\n	Thép Pomina Phi 12 - Bảng Báo Giá Sắt Thép Pomina Ø 12\r\n</p>', 'WS 821-12', 'Thép Pomina Phi 12 - Bảng Báo Giá Sắt Thép Pomina Ø 12', 'Thép Pomina Phi 12 - Bảng Báo Giá Sắt Thép Pomina Ø 12', 'Thép Pomina Phi 12,Bảng Báo Giá Sắt Thép Pomina Ø 12', '0', 0, '0', 1, 1, 2, '2018-03-27 03:30:12', '2018-03-28 03:21:06'),
(17, 'Thép Hình Việt Nhật - Đại Lý Cấp 1 Thép Hình Việt Nhật Giá Rẻ', 'thep-hinh-viet-nhat-dai-ly-cap-1-thep-hinh-viet-nhat-gia-re', 1, 'images/uploads/images/sanpham/thep_viet_nhat_1.jpg', '<p>\r\n	<strong>Với hệ thống kho hàng rải khắp các quận tại Hồ&nbsp;Chí&nbsp;Minh và các tỉnh lận cận&nbsp;:</strong>&nbsp; Bình Dương,Long An, Tây Ninh, Bình Thuận, Nha Trang,Phan Thiết,Bến Tre, An Giang,Vũng Tàu, Đồng Tháp, Bình Phước,Cà Mau, Cần Thơ, Sóc Trăng.\r\n</p>\r\n\r\n<p>\r\n	Thép Khánh Nam&nbsp;sẵn sàng đáp ứng mọi nhu cầu của khách hàng !\r\n</p>\r\n\r\n<h3>\r\n	Chúng tôi có xe lớn, xe nhỏ cùng đội ngũ nhân viên trẻ, nhiệt tình&nbsp;sẵn sàng&nbsp;giao hàng tới tận công trình.\r\n</h3>\r\n\r\n<p>\r\n	&nbsp;\r\n</p>\r\n\r\n<p>\r\n	- Giao hàng miễn phí các quận tại Tp. Hồ Chí Minh\r\n</p>', '<p>\r\n	Thép Hình Việt Nhật - Đại Lý Cấp 1 Thép Hình Việt Nhật Giá Rẻ\r\n</p>', NULL, 'Thép Hình Việt Nhật - Đại Lý Cấp 1 Thép Hình Việt Nhật Giá Rẻ', 'Thép Hình Việt Nhật - Đại Lý Cấp 1 Thép Hình Việt Nhật Giá Rẻ', 'Thép Hình Việt Nhật,Đại Lý Cấp 1 Thép Hình Việt Nhật Giá Rẻ', '0', 0, '0', 1, 1, 3, '2018-03-28 03:28:13', '2018-03-28 03:28:54'),
(18, 'Thép Cuộn Việt Nhật - Đại Lý Thép Cuộn Việt Nhật Giá Rẻ', 'thep-cuon-viet-nhat-dai-ly-thep-cuon-viet-nhat-gia-re', 1, 'images/uploads/images/sanpham/thep_viet_nhat_2.jpg', '<p>\r\n	<strong>Với hệ thống kho hàng rải khắp các quận tại Hồ&nbsp;Chí&nbsp;Minh và các tỉnh lận cận&nbsp;:</strong>&nbsp; Bình Dương,Long An, Tây Ninh, Bình Thuận, Nha Trang,Phan Thiết,Bến Tre, An Giang,Vũng Tàu, Đồng Tháp, Bình Phước,Cà Mau, Cần Thơ, Sóc Trăng.\r\n</p>\r\n\r\n<p>\r\n	Thép Khánh Nam&nbsp;sẵn sàng đáp ứng mọi nhu cầu của khách hàng !\r\n</p>\r\n\r\n<h3>\r\n	Chúng tôi có xe lớn, xe nhỏ cùng đội ngũ nhân viên trẻ, nhiệt tình&nbsp;sẵn sàng&nbsp;giao hàng tới tận công trình.\r\n</h3>\r\n\r\n<p>\r\n	&nbsp;\r\n</p>\r\n\r\n<p>\r\n	- Giao hàng miễn phí các quận tại Tp. Hồ Chí Minh\r\n</p>', '<p>\r\n	Thép Cuộn Việt Nhật - Đại Lý Thép Cuộn Việt Nhật Giá Rẻ\r\n</p>', NULL, 'Thép Cuộn Việt Nhật - Đại Lý Thép Cuộn Việt Nhật Giá Rẻ', 'Thép Cuộn Việt Nhật - Đại Lý Thép Cuộn Việt Nhật Giá Rẻ', 'Thép Cuộn Việt Nhật,Đại Lý Thép Cuộn Việt Nhật Giá Rẻ', '0', 0, '0', 1, 1, 3, '2018-03-28 03:28:13', '2018-03-28 03:29:47'),
(19, 'Thép Tròn Trơn Việt Nhật - Đại Lý Thép Tròn Trơn Việt Nhật Giá Rẻ', 'thep-tron-tron-viet-nhat-dai-ly-thep-tron-tron-viet-nhat-gia-re', 1, 'images/uploads/images/sanpham/thep_viet_nhat_4.jpg', '<p>\r\n	<strong>Với hệ thống kho hàng rải khắp các quận tại Hồ&nbsp;Chí&nbsp;Minh và các tỉnh lận cận&nbsp;:</strong>&nbsp; Bình Dương,Long An, Tây Ninh, Bình Thuận, Nha Trang,Phan Thiết,Bến Tre, An Giang,Vũng Tàu, Đồng Tháp, Bình Phước,Cà Mau, Cần Thơ, Sóc Trăng.\r\n</p>\r\n\r\n<p>\r\n	Thép Khánh Nam&nbsp;sẵn sàng đáp ứng mọi nhu cầu của khách hàng !\r\n</p>\r\n\r\n<h3>\r\n	Chúng tôi có xe lớn, xe nhỏ cùng đội ngũ nhân viên trẻ, nhiệt tình&nbsp;sẵn sàng&nbsp;giao hàng tới tận công trình.\r\n</h3>\r\n\r\n<p>\r\n	&nbsp;\r\n</p>\r\n\r\n<p>\r\n	- Giao hàng miễn phí các quận tại Tp. Hồ Chí Minh\r\n</p>', '<p>\r\n	Thép Tròn Trơn Việt Nhật - Đại Lý Thép Tròn Trơn Việt Nhật Giá Rẻ\r\n</p>', NULL, 'Thép Tròn Trơn Việt Nhật - Đại Lý Thép Tròn Trơn Việt Nhật Giá Rẻ', 'Thép Tròn Trơn Việt Nhật - Đại Lý Thép Tròn Trơn Việt Nhật Giá Rẻ', 'Thép Tròn Trơn Việt Nhật,Đại Lý Thép Tròn Trơn Việt Nhật Giá Rẻ', '0', 0, '0', 1, 1, 3, '2018-03-28 03:28:13', '2018-03-28 03:30:57'),
(20, 'Thép Vằn Việt Nhật - Đại Lý Thép Vằn Việt Nhật Giá Rẻ', 'thep-van-viet-nhat-dai-ly-thep-van-viet-nhat-gia-re', 1, 'images/uploads/images/sanpham/thep_11.jpg', '<p>\r\n	<strong>Với hệ thống kho hàng rải khắp các quận tại Hồ&nbsp;Chí&nbsp;Minh và các tỉnh lận cận&nbsp;:</strong>&nbsp; Bình Dương,Long An, Tây Ninh, Bình Thuận, Nha Trang,Phan Thiết,Bến Tre, An Giang,Vũng Tàu, Đồng Tháp, Bình Phước,Cà Mau, Cần Thơ, Sóc Trăng.\r\n</p>\r\n\r\n<p>\r\n	Thép Khánh Nam&nbsp;sẵn sàng đáp ứng mọi nhu cầu của khách hàng !\r\n</p>\r\n\r\n<h3>\r\n	Chúng tôi có xe lớn, xe nhỏ cùng đội ngũ nhân viên trẻ, nhiệt tình&nbsp;sẵn sàng&nbsp;giao hàng tới tận công trình.\r\n</h3>\r\n\r\n<p>\r\n	&nbsp;\r\n</p>\r\n\r\n<p>\r\n	- Giao hàng miễn phí các quận tại Tp. Hồ Chí Minh\r\n</p>', '<p>\r\n	Thép Vằn Việt Nhật - Đại Lý Thép Vằn Việt Nhật Giá Rẻ\r\n</p>', NULL, 'Thép Vằn Việt Nhật - Đại Lý Thép Vằn Việt Nhật Giá Rẻ', 'Thép Vằn Việt Nhật - Đại Lý Thép Vằn Việt Nhật Giá Rẻ', 'Thép Vằn Việt Nhật,Đại Lý Thép Vằn Việt Nhật Giá Rẻ', '0', 0, '0', 1, 1, 3, '2018-03-28 03:28:13', '2018-03-28 03:30:25'),
(21, 'Thép Việt Nhật Phi 25 - Đại Lý Thép Ø25 Việt Nhật Giá Rẻ', 'thep-viet-nhat-phi-25-dai-ly-thep-25-viet-nhat-gia-re', 1, 'images/uploads/images/sanpham/thep_viet_nhat_8.jpg', '<p>\r\n	<strong>Với hệ thống kho hàng rải khắp các quận tại Hồ&nbsp;Chí&nbsp;Minh và các tỉnh lận cận&nbsp;:</strong>&nbsp; Bình Dương,Long An, Tây Ninh, Bình Thuận, Nha Trang,Phan Thiết,Bến Tre, An Giang,Vũng Tàu, Đồng Tháp, Bình Phước,Cà Mau, Cần Thơ, Sóc Trăng.\r\n</p>\r\n\r\n<p>\r\n	Thép Khánh Nam&nbsp;sẵn sàng đáp ứng mọi nhu cầu của khách hàng !\r\n</p>\r\n\r\n<h3>\r\n	Chúng tôi có xe lớn, xe nhỏ cùng đội ngũ nhân viên trẻ, nhiệt tình&nbsp;sẵn sàng&nbsp;giao hàng tới tận công trình.\r\n</h3>\r\n\r\n<p>\r\n	&nbsp;\r\n</p>\r\n\r\n<p>\r\n	- Giao hàng miễn phí các quận tại Tp. Hồ Chí Minh\r\n</p>', '<p>\r\n	Thép Việt Nhật Phi 25 - Đại Lý Thép Ø25 Việt Nhật Giá Rẻ\r\n</p>', NULL, 'Thép Việt Nhật Phi 25 - Đại Lý Thép Ø25 Việt Nhật Giá Rẻ', 'Thép Việt Nhật Phi 25 - Đại Lý Thép Ø25 Việt Nhật Giá Rẻ', 'Thép Việt Nhật Phi 25,Đại Lý Thép Ø25 Việt Nhật Giá Rẻ', '0', 0, '0', 1, 1, 3, '2018-03-28 03:28:13', '2018-03-28 03:33:18'),
(22, 'Thép Việt Nhật Phi 28,Đại Lý Thép Ø28 Việt Nhật Giá Rẻ', 'thep-viet-nhat-phi-28dai-ly-thep-28-viet-nhat-gia-re', 1, 'images/uploads/images/sanpham/thep_7.jpg', '<p>\r\n	<strong>Với hệ thống kho hàng rải khắp các quận tại Hồ&nbsp;Chí&nbsp;Minh và các tỉnh lận cận&nbsp;:</strong>&nbsp; Bình Dương,Long An, Tây Ninh, Bình Thuận, Nha Trang,Phan Thiết,Bến Tre, An Giang,Vũng Tàu, Đồng Tháp, Bình Phước,Cà Mau, Cần Thơ, Sóc Trăng.\r\n</p>\r\n\r\n<p>\r\n	Thép Khánh Nam&nbsp;sẵn sàng đáp ứng mọi nhu cầu của khách hàng !\r\n</p>\r\n\r\n<h3>\r\n	Chúng tôi có xe lớn, xe nhỏ cùng đội ngũ nhân viên trẻ, nhiệt tình&nbsp;sẵn sàng&nbsp;giao hàng tới tận công trình.\r\n</h3>\r\n\r\n<p>\r\n	&nbsp;\r\n</p>\r\n\r\n<p>\r\n	- Giao hàng miễn phí các quận tại Tp. Hồ Chí Minh\r\n</p>', '<p>\r\n	Thép Việt Nhật Phi 28 - Đại Lý Thép Ø28 Việt Nhật Giá Rẻ\r\n</p>', NULL, 'Thép Việt Nhật Phi 28 - Đại Lý Thép Ø28 Việt Nhật Giá Rẻ', 'Thép Việt Nhật Phi 28 - Đại Lý Thép Ø28 Việt Nhật Giá Rẻ', 'Thép Việt Nhật Phi 28,Đại Lý Thép Ø28 Việt Nhật Giá Rẻ', '0', 0, '0', 1, 1, 3, '2018-03-28 03:28:13', '2018-03-28 03:32:39'),
(23, 'Thép Việt Nhật Phi 30 - Đại Lý Thép Ø30 Việt Nhật Giá Rẻ', 'thep-viet-nhat-phi-30-dai-ly-thep-30-viet-nhat-gia-re', 1, 'images/uploads/images/sanpham/thep_12.jpg', '<p>\r\n	<strong>Với hệ thống kho hàng rải khắp các quận tại Hồ&nbsp;Chí&nbsp;Minh và các tỉnh lận cận&nbsp;:</strong>&nbsp; Bình Dương,Long An, Tây Ninh, Bình Thuận, Nha Trang,Phan Thiết,Bến Tre, An Giang,Vũng Tàu, Đồng Tháp, Bình Phước,Cà Mau, Cần Thơ, Sóc Trăng.\r\n</p>\r\n\r\n<p>\r\n	Thép Khánh Nam&nbsp;sẵn sàng đáp ứng mọi nhu cầu của khách hàng !\r\n</p>\r\n\r\n<h3>\r\n	Chúng tôi có xe lớn, xe nhỏ cùng đội ngũ nhân viên trẻ, nhiệt tình&nbsp;sẵn sàng&nbsp;giao hàng tới tận công trình.\r\n</h3>\r\n\r\n<p>\r\n	&nbsp;\r\n</p>\r\n\r\n<p>\r\n	- Giao hàng miễn phí các quận tại Tp. Hồ Chí Minh\r\n</p>', '<p>\r\n	Thép Việt Nhật Phi 30 - Đại Lý Thép Ø30 Việt Nhật Giá Rẻ\r\n</p>', NULL, 'Thép Việt Nhật Phi 30 - Đại Lý Thép Ø30 Việt Nhật Giá Rẻ', 'Thép Việt Nhật Phi 30 - Đại Lý Thép Ø30 Việt Nhật Giá Rẻ', 'Thép Việt Nhật Phi 30,Đại Lý Thép Ø30 Việt Nhật Giá Rẻ', '0', 0, '0', 1, 1, 3, '2018-03-28 03:28:13', '2018-03-28 03:32:07'),
(24, 'Thép Việt Nhật Phi 32 - Đại Lý Thép Ø32 Việt Nhật Giá Rẻ', 'thep-viet-nhat-phi-32-dai-ly-thep-32-viet-nhat-gia-re', 1, 'images/uploads/images/sanpham/thep_9.jpg', '<p>\r\n	<strong>Với hệ thống kho hàng rải khắp các quận tại Hồ&nbsp;Chí&nbsp;Minh và các tỉnh lận cận&nbsp;:</strong>&nbsp; Bình Dương,Long An, Tây Ninh, Bình Thuận, Nha Trang,Phan Thiết,Bến Tre, An Giang,Vũng Tàu, Đồng Tháp, Bình Phước,Cà Mau, Cần Thơ, Sóc Trăng.\r\n</p>\r\n\r\n<p>\r\n	Thép Khánh Nam&nbsp;sẵn sàng đáp ứng mọi nhu cầu của khách hàng !\r\n</p>\r\n\r\n<h3>\r\n	Chúng tôi có xe lớn, xe nhỏ cùng đội ngũ nhân viên trẻ, nhiệt tình&nbsp;sẵn sàng&nbsp;giao hàng tới tận công trình.\r\n</h3>\r\n\r\n<p>\r\n	&nbsp;\r\n</p>\r\n\r\n<p>\r\n	- Giao hàng miễn phí các quận tại Tp. Hồ Chí Minh\r\n</p>', '<p>\r\n	Thép Việt Nhật Phi 32 - Đại Lý Thép Ø32 Việt Nhật Giá Rẻ\r\n</p>', NULL, 'Thép Việt Nhật Phi 32 - Đại Lý Thép Ø32 Việt Nhật Giá Rẻ', 'Thép Vằn Việt Nhật - Đại Lý Thép Vằn Việt Nhật Giá Rẻ', 'Thép Việt Nhật Phi 32,Đại Lý Thép Ø32 Việt Nhật Giá Rẻ', '0', 0, '0', 1, 1, 3, '2018-03-28 03:28:13', '2018-03-28 03:31:40'),
(25, 'Thép Việt Nhật Phi 16 - Đại Lý Thép Ø16 Việt Nhật Giá Rẻ', 'thep-viet-nhat-phi-16-dai-ly-thep-16-viet-nhat-gia-re', 1, 'images/uploads/images/sanpham/thep_9.jpg', '<p>\r\n	<strong>Với hệ thống kho hàng rải khắp các quận tại Hồ&nbsp;Chí&nbsp;Minh và các tỉnh lận cận&nbsp;:</strong>&nbsp; Bình Dương,Long An, Tây Ninh, Bình Thuận, Nha Trang,Phan Thiết,Bến Tre, An Giang,Vũng Tàu, Đồng Tháp, Bình Phước,Cà Mau, Cần Thơ, Sóc Trăng.\r\n</p>\r\n\r\n<p>\r\n	Thép Khánh Nam&nbsp;sẵn sàng đáp ứng mọi nhu cầu của khách hàng !\r\n</p>\r\n\r\n<h3>\r\n	Chúng tôi có xe lớn, xe nhỏ cùng đội ngũ nhân viên trẻ, nhiệt tình&nbsp;sẵn sàng&nbsp;giao hàng tới tận công trình.\r\n</h3>\r\n\r\n<p>\r\n	&nbsp;\r\n</p>\r\n\r\n<p>\r\n	- Giao hàng miễn phí các quận tại Tp. Hồ Chí Minh\r\n</p>', '<p>\r\n	Thép Việt Nhật Phi 16 - Đại Lý Thép Ø16 Việt Nhật Giá Rẻ\r\n</p>', NULL, 'Thép Việt Nhật Phi 16 - Đại Lý Thép Ø16 Việt Nhật Giá Rẻ', 'Thép Việt Nhật Phi 16 - Đại Lý Thép Ø16 Việt Nhật Giá Rẻ', 'Thép Việt Nhật Phi 16,Đại Lý Thép Ø16 Việt Nhật Giá Rẻ', '0', 0, '0', 1, 1, 3, '2018-03-28 03:28:13', '2018-03-28 03:36:11'),
(26, 'Thép Việt Nhật Phi 18 - Đại Lý Thép Ø18 Việt Nhật Giá Rẻ', 'thep-viet-nhat-phi-18-dai-ly-thep-18-viet-nhat-gia-re', 1, 'images/uploads/images/sanpham/thep_viet_nhat_11.jpg', '<p>\r\n	<strong>Với hệ thống kho hàng rải khắp các quận tại Hồ&nbsp;Chí&nbsp;Minh và các tỉnh lận cận&nbsp;:</strong>&nbsp; Bình Dương,Long An, Tây Ninh, Bình Thuận, Nha Trang,Phan Thiết,Bến Tre, An Giang,Vũng Tàu, Đồng Tháp, Bình Phước,Cà Mau, Cần Thơ, Sóc Trăng.\r\n</p>\r\n\r\n<p>\r\n	Thép Khánh Nam&nbsp;sẵn sàng đáp ứng mọi nhu cầu của khách hàng !\r\n</p>\r\n\r\n<h3>\r\n	Chúng tôi có xe lớn, xe nhỏ cùng đội ngũ nhân viên trẻ, nhiệt tình&nbsp;sẵn sàng&nbsp;giao hàng tới tận công trình.\r\n</h3>\r\n\r\n<p>\r\n	&nbsp;\r\n</p>\r\n\r\n<p>\r\n	- Giao hàng miễn phí các quận tại Tp. Hồ Chí Minh\r\n</p>', '<p>\r\n	Thép Việt Nhật Phi 18 - Đại Lý Thép Ø18 Việt Nhật Giá Rẻ\r\n</p>', NULL, 'Thép Việt Nhật Phi 18 - Đại Lý Thép Ø18 Việt Nhật Giá Rẻ', 'Thép Việt Nhật Phi 18 - Đại Lý Thép Ø18 Việt Nhật Giá Rẻ', 'Thép Việt Nhật Phi 18,Đại Lý Thép Ø18 Việt Nhật Giá Rẻ', '0', 0, '0', 1, 1, 3, '2018-03-28 03:28:13', '2018-03-28 03:35:36'),
(27, 'Thép Việt Nhật Phi 20 - Đại Lý Thép Ø20 Việt Nhật Giá Rẻ', 'thep-viet-nhat-phi-20-dai-ly-thep-20-viet-nhat-gia-re', 1, 'images/uploads/images/sanpham/thep_11.jpg', '<p>\r\n	<strong>Với hệ thống kho hàng rải khắp các quận tại Hồ&nbsp;Chí&nbsp;Minh và các tỉnh lận cận&nbsp;:</strong>&nbsp; Bình Dương,Long An, Tây Ninh, Bình Thuận, Nha Trang,Phan Thiết,Bến Tre, An Giang,Vũng Tàu, Đồng Tháp, Bình Phước,Cà Mau, Cần Thơ, Sóc Trăng.\r\n</p>\r\n\r\n<p>\r\n	Thép Khánh Nam&nbsp;sẵn sàng đáp ứng mọi nhu cầu của khách hàng !\r\n</p>\r\n\r\n<h3>\r\n	Chúng tôi có xe lớn, xe nhỏ cùng đội ngũ nhân viên trẻ, nhiệt tình&nbsp;sẵn sàng&nbsp;giao hàng tới tận công trình.\r\n</h3>\r\n\r\n<p>\r\n	&nbsp;\r\n</p>\r\n\r\n<p>\r\n	- Giao hàng miễn phí các quận tại Tp. Hồ Chí Minh\r\n</p>', '<p>\r\n	Thép Việt Nhật Phi 20 - Đại Lý Thép Ø20 Việt Nhật Giá Rẻ\r\n</p>', NULL, 'Thép Việt Nhật Phi 20 - Đại Lý Thép Ø20 Việt Nhật Giá Rẻ', 'Thép Việt Nhật Phi 20 - Đại Lý Thép Ø20 Việt Nhật Giá Rẻ', 'Thép Việt Nhật Phi 20,Đại Lý Thép Ø20 Việt Nhật Giá Rẻ', '0', 0, '0', 1, 1, 3, '2018-03-28 03:28:13', '2018-03-28 03:34:50'),
(28, 'Thép Việt Nhật Phi 22 - Đại Lý Thép Ø22 Việt Nhật Giá Rẻ', 'thep-viet-nhat-phi-22-dai-ly-thep-22-viet-nhat-gia-re', 1, 'images/uploads/images/sanpham/thep_12.jpg', '<p>\r\n	<strong>Với hệ thống kho hàng rải khắp các quận tại Hồ&nbsp;Chí&nbsp;Minh và các tỉnh lận cận&nbsp;:</strong>&nbsp; Bình Dương,Long An, Tây Ninh, Bình Thuận, Nha Trang,Phan Thiết,Bến Tre, An Giang,Vũng Tàu, Đồng Tháp, Bình Phước,Cà Mau, Cần Thơ, Sóc Trăng.\r\n</p>\r\n\r\n<p>\r\n	Thép Khánh Nam&nbsp;sẵn sàng đáp ứng mọi nhu cầu của khách hàng !\r\n</p>\r\n\r\n<h3>\r\n	Chúng tôi có xe lớn, xe nhỏ cùng đội ngũ nhân viên trẻ, nhiệt tình&nbsp;sẵn sàng&nbsp;giao hàng tới tận công trình.\r\n</h3>\r\n\r\n<p>\r\n	&nbsp;\r\n</p>\r\n\r\n<p>\r\n	- Giao hàng miễn phí các quận tại Tp. Hồ Chí Minh\r\n</p>', '<p>\r\n	Thép Việt Nhật Phi 22 - Đại Lý Thép Ø22 Việt Nhật Giá Rẻ\r\n</p>', NULL, 'Thép Việt Nhật Phi 22 - Đại Lý Thép Ø22 Việt Nhật Giá Rẻ', 'Thép Việt Nhật Phi 22 - Đại Lý Thép Ø22 Việt Nhật Giá Rẻ', 'Thép Việt Nhật Phi 22,Đại Lý Thép Ø22 Việt Nhật Giá Rẻ', '0', 0, '0', 1, 1, 3, '2018-03-28 03:28:13', '2018-03-28 03:34:19'),
(29, 'Thép Việt Nhật Phi 10 - Đại Lý Thép Ø10 Việt Nhật Giá Rẻ', 'thep-viet-nhat-phi-10-dai-ly-thep-10-viet-nhat-gia-re', 1, 'images/uploads/images/sanpham/thep_viet_nhat_16.jpg', '<p>\r\n	<strong>Với hệ thống kho hàng rải khắp các quận tại Hồ&nbsp;Chí&nbsp;Minh và các tỉnh lận cận&nbsp;:</strong>&nbsp; Bình Dương,Long An, Tây Ninh, Bình Thuận, Nha Trang,Phan Thiết,Bến Tre, An Giang,Vũng Tàu, Đồng Tháp, Bình Phước,Cà Mau, Cần Thơ, Sóc Trăng.\r\n</p>\r\n\r\n<p>\r\n	Thép Khánh Nam&nbsp;sẵn sàng đáp ứng mọi nhu cầu của khách hàng !\r\n</p>\r\n\r\n<h3>\r\n	Chúng tôi có xe lớn, xe nhỏ cùng đội ngũ nhân viên trẻ, nhiệt tình&nbsp;sẵn sàng&nbsp;giao hàng tới tận công trình.\r\n</h3>\r\n\r\n<p>\r\n	&nbsp;\r\n</p>\r\n\r\n<p>\r\n	- Giao hàng miễn phí các quận tại Tp. Hồ Chí Minh\r\n</p>', '<p>\r\n	Thép Việt Nhật Phi 10 - Đại Lý Thép Ø10 Việt Nhật Giá Rẻ\r\n</p>', NULL, 'Thép Việt Nhật Phi 10 - Đại Lý Thép Ø10 Việt Nhật Giá Rẻ', 'Thép Việt Nhật Phi 10 - Đại Lý Thép Ø10 Việt Nhật Giá Rẻ', 'Thép Việt Nhật Phi 10,Đại Lý Thép Ø10 Việt Nhật Giá Rẻ', '0', 0, '0', 1, 1, 3, '2018-03-28 03:28:13', '2018-03-28 03:41:15'),
(30, 'Thép Việt Nhật Phi 12 - Đại Lý Thép Ø12 Việt Nhật Giá Rẻ', 'thep-viet-nhat-phi-12-dai-ly-thep-12-viet-nhat-gia-re', 1, 'images/uploads/images/sanpham/thep_12.jpg', '<p>\r\n	<strong>Với hệ thống kho hàng rải khắp các quận tại Hồ&nbsp;Chí&nbsp;Minh và các tỉnh lận cận&nbsp;:</strong>&nbsp; Bình Dương,Long An, Tây Ninh, Bình Thuận, Nha Trang,Phan Thiết,Bến Tre, An Giang,Vũng Tàu, Đồng Tháp, Bình Phước,Cà Mau, Cần Thơ, Sóc Trăng.\r\n</p>\r\n\r\n<p>\r\n	Thép Khánh Nam&nbsp;sẵn sàng đáp ứng mọi nhu cầu của khách hàng !\r\n</p>\r\n\r\n<h3>\r\n	Chúng tôi có xe lớn, xe nhỏ cùng đội ngũ nhân viên trẻ, nhiệt tình&nbsp;sẵn sàng&nbsp;giao hàng tới tận công trình.\r\n</h3>\r\n\r\n<p>\r\n	&nbsp;\r\n</p>\r\n\r\n<p>\r\n	- Giao hàng miễn phí các quận tại Tp. Hồ Chí Minh\r\n</p>', '<p>\r\n	Thép Việt Nhật Phi 12 - Đại Lý Thép Ø12 Việt Nhật Giá Rẻ\r\n</p>', NULL, 'Thép Việt Nhật Phi 12 - Đại Lý Thép Ø12 Việt Nhật Giá Rẻ', 'Thép Việt Nhật Phi 12 - Đại Lý Thép Ø12 Việt Nhật Giá Rẻ', 'Thép Việt Nhật Phi 12,Đại Lý Thép Ø12 Việt Nhật Giá Rẻ', '0', 0, '0', 1, 1, 3, '2018-03-28 03:28:13', '2018-03-28 03:40:34'),
(31, 'Thép Việt Nhật Phi 12 - Đại Lý Thép Ø12 Việt Nhật Giá Rẻ', 'thep-viet-nhat-phi-12-dai-ly-thep-12-viet-nhat-gia-re', 1, 'images/uploads/images/sanpham/thep_7.jpg', '<p>\r\n	<strong>Với hệ thống kho hàng rải khắp các quận tại Hồ&nbsp;Chí&nbsp;Minh và các tỉnh lận cận&nbsp;:</strong>&nbsp; Bình Dương,Long An, Tây Ninh, Bình Thuận, Nha Trang,Phan Thiết,Bến Tre, An Giang,Vũng Tàu, Đồng Tháp, Bình Phước,Cà Mau, Cần Thơ, Sóc Trăng.\r\n</p>\r\n\r\n<p>\r\n	Thép Khánh Nam&nbsp;sẵn sàng đáp ứng mọi nhu cầu của khách hàng !\r\n</p>\r\n\r\n<h3>\r\n	Chúng tôi có xe lớn, xe nhỏ cùng đội ngũ nhân viên trẻ, nhiệt tình&nbsp;sẵn sàng&nbsp;giao hàng tới tận công trình.\r\n</h3>\r\n\r\n<p>\r\n	&nbsp;\r\n</p>\r\n\r\n<p>\r\n	- Giao hàng miễn phí các quận tại Tp. Hồ Chí Minh\r\n</p>', '<p>\r\n	Thép Việt Nhật Phi 12 - Đại Lý Thép Ø12 Việt Nhật Giá Rẻ\r\n</p>', NULL, 'Thép Việt Nhật Phi 12 - Đại Lý Thép Ø12 Việt Nhật Giá Rẻ', 'Thép Việt Nhật Phi 12 - Đại Lý Thép Ø12 Việt Nhật Giá Rẻ', 'Thép Việt Nhật Phi 12,Đại Lý Thép Ø12 Việt Nhật Giá Rẻ', '0', 0, '0', 1, 1, 3, '2018-03-28 03:28:13', '2018-03-28 03:40:08'),
(32, 'Thép Việt Nhật Phi 14 - Đại Lý Thép Ø14 Việt Nhật Giá Rẻ', 'thep-viet-nhat-phi-14-dai-ly-thep-14-viet-nhat-gia-re', 1, 'images/uploads/images/sanpham/thep_10.jpg', '<p>\r\n	<strong>Với hệ thống kho hàng rải khắp các quận tại Hồ&nbsp;Chí&nbsp;Minh và các tỉnh lận cận&nbsp;:</strong>&nbsp; Bình Dương,Long An, Tây Ninh, Bình Thuận, Nha Trang,Phan Thiết,Bến Tre, An Giang,Vũng Tàu, Đồng Tháp, Bình Phước,Cà Mau, Cần Thơ, Sóc Trăng.\r\n</p>\r\n\r\n<p>\r\n	Thép Khánh Nam&nbsp;sẵn sàng đáp ứng mọi nhu cầu của khách hàng !\r\n</p>\r\n\r\n<h3>\r\n	Chúng tôi có xe lớn, xe nhỏ cùng đội ngũ nhân viên trẻ, nhiệt tình&nbsp;sẵn sàng&nbsp;giao hàng tới tận công trình.\r\n</h3>\r\n\r\n<p>\r\n	&nbsp;\r\n</p>\r\n\r\n<p>\r\n	- Giao hàng miễn phí các quận tại Tp. Hồ Chí Minh\r\n</p>', '<p>\r\n	Thép Việt Nhật Phi 14 - Đại Lý Thép Ø14 Việt Nhật Giá Rẻ\r\n</p>', NULL, 'Thép Việt Nhật Phi 14 - Đại Lý Thép Ø14 Việt Nhật Giá Rẻ', 'Thép Việt Nhật Phi 14 - Đại Lý Thép Ø14 Việt Nhật Giá Rẻ', 'Thép Việt Nhật Phi 14,Đại Lý Thép Ø14 Việt Nhật Giá Rẻ', '0', 0, '0', 1, 1, 3, '2018-03-28 03:28:13', '2018-03-28 03:39:39'),
(33, 'Thép Việt Nhật Phi 6 - Đại Lý Thép Ø6 Việt Nhật Giá Rẻ', 'thep-viet-nhat-phi-6-dai-ly-thep-6-viet-nhat-gia-re', 1, 'images/uploads/images/sanpham/thep_4.jpg', '<p>\r\n	<strong>Với hệ thống kho hàng rải khắp các quận tại Hồ&nbsp;Chí&nbsp;Minh và các tỉnh lận cận&nbsp;:</strong>&nbsp; Bình Dương,Long An, Tây Ninh, Bình Thuận, Nha Trang,Phan Thiết,Bến Tre, An Giang,Vũng Tàu, Đồng Tháp, Bình Phước,Cà Mau, Cần Thơ, Sóc Trăng.\r\n</p>\r\n\r\n<p>\r\n	Thép Khánh Nam&nbsp;sẵn sàng đáp ứng mọi nhu cầu của khách hàng !\r\n</p>\r\n\r\n<h3>\r\n	Chúng tôi có xe lớn, xe nhỏ cùng đội ngũ nhân viên trẻ, nhiệt tình&nbsp;sẵn sàng&nbsp;giao hàng tới tận công trình.\r\n</h3>\r\n\r\n<p>\r\n	&nbsp;\r\n</p>\r\n\r\n<p>\r\n	- Giao hàng miễn phí các quận tại Tp. Hồ Chí Minh\r\n</p>', '<p>\r\n	Thép Việt Nhật Phi 6 - Đại Lý Thép Ø6 Việt Nhật Giá Rẻ\r\n</p>', NULL, 'Thép Việt Nhật Phi 6 - Đại Lý Thép Ø6 Việt Nhật Giá Rẻ', 'Thép Việt Nhật Phi 6 - Đại Lý Thép Ø6 Việt Nhật Giá Rẻ', 'Thép Việt Nhật Phi 6,Đại Lý Thép Ø6 Việt Nhật Giá Rẻ', '0', 0, '0', 1, 1, 3, '2018-03-28 03:28:13', '2018-03-28 03:42:36'),
(34, 'Thép Việt Nhật Phi 8 - Đại Lý Thép Ø8 Việt Nhật Giá Rẻ', 'thep-viet-nhat-phi-8-dai-ly-thep-8-viet-nhat-gia-re', 1, 'images/uploads/images/sanpham/thep_viet_nhat_17.jpg', '<p>\r\n	<strong>Với hệ thống kho hàng rải khắp các quận tại Hồ&nbsp;Chí&nbsp;Minh và các tỉnh lận cận&nbsp;:</strong>&nbsp; Bình Dương,Long An, Tây Ninh, Bình Thuận, Nha Trang,Phan Thiết,Bến Tre, An Giang,Vũng Tàu, Đồng Tháp, Bình Phước,Cà Mau, Cần Thơ, Sóc Trăng.\r\n</p>\r\n\r\n<p>\r\n	Thép Khánh Nam&nbsp;sẵn sàng đáp ứng mọi nhu cầu của khách hàng !\r\n</p>\r\n\r\n<h3>\r\n	Chúng tôi có xe lớn, xe nhỏ cùng đội ngũ nhân viên trẻ, nhiệt tình&nbsp;sẵn sàng&nbsp;giao hàng tới tận công trình.\r\n</h3>\r\n\r\n<p>\r\n	&nbsp;\r\n</p>\r\n\r\n<p>\r\n	- Giao hàng miễn phí các quận tại Tp. Hồ Chí Minh\r\n</p>', '<p>\r\n	Thép Việt Nhật Phi 8 - Đại Lý Thép Ø8 Việt Nhật Giá Rẻ\r\n</p>', NULL, 'Thép Việt Nhật Phi 8 - Đại Lý Thép Ø8 Việt Nhật Giá Rẻ', 'Thép Việt Nhật Phi 8 - Đại Lý Thép Ø8 Việt Nhật Giá Rẻ', 'Thép Việt Nhật Phi 8,Đại Lý Thép Ø8 Việt Nhật Giá Rẻ', '0', 0, '0', 1, 1, 3, '2018-03-28 03:28:13', '2018-03-28 03:41:57'),
(35, 'Thép Hình Miền Nam - Đại Lý Cấp 1 Thép Hình Miền Nam Giá Rẻ', 'thep-hinh-mien-nam-dai-ly-cap-1-thep-hinh-mien-nam-gia-re', 1, 'images/uploads/images/sanpham/thep_mien_nam_1.jpg', '<p>\r\n	<strong>Với hệ thống kho hàng rải khắp các quận tại Hồ&nbsp;Chí&nbsp;Minh và các tỉnh lận cận&nbsp;:</strong>&nbsp; Bình Dương,Long An, Tây Ninh, Bình Thuận, Nha Trang,Phan Thiết,Bến Tre, An Giang,Vũng Tàu, Đồng Tháp, Bình Phước,Cà Mau, Cần Thơ, Sóc Trăng.\r\n</p>\r\n\r\n<p>\r\n	Thép Khánh Nam&nbsp;sẵn sàng đáp ứng mọi nhu cầu của khách hàng !\r\n</p>\r\n\r\n<h3>\r\n	Chúng tôi có xe lớn, xe nhỏ cùng đội ngũ nhân viên trẻ, nhiệt tình&nbsp;sẵn sàng&nbsp;giao hàng tới tận công trình.\r\n</h3>\r\n\r\n<p>\r\n	&nbsp;\r\n</p>\r\n\r\n<p>\r\n	- Giao hàng miễn phí các quận tại Tp. Hồ Chí Minh\r\n</p>', '<p>\r\n	Thép Hình Miền Nam - Đại Lý Cấp 1 Thép Hình Miền Nam Giá Rẻ\r\n</p>', NULL, 'Thép Hình Miền Nam - Đại Lý Cấp 1 Thép Hình Miền Nam Giá Rẻ', 'Thép Hình Miền Nam - Đại Lý Cấp 1 Thép Hình Miền Nam Giá Rẻ', 'Thép Hình Miền Nam,Đại Lý Cấp 1 Thép Hình Miền Nam Giá Rẻ', '0', 0, '0', 1, 1, 4, '2018-03-28 03:28:13', '2018-03-28 03:46:04'),
(36, 'Thép Vằn Miền Nam - Đại Lý Thép Vằn Miền Nam Giá Rẻ', 'thep-van-mien-nam-dai-ly-thep-van-mien-nam-gia-re', 1, 'images/uploads/images/sanpham/thep_mien_nam_2.jpg', '<p>\r\n	<strong>Với hệ thống kho hàng rải khắp các quận tại Hồ&nbsp;Chí&nbsp;Minh và các tỉnh lận cận&nbsp;:</strong>&nbsp; Bình Dương,Long An, Tây Ninh, Bình Thuận, Nha Trang,Phan Thiết,Bến Tre, An Giang,Vũng Tàu, Đồng Tháp, Bình Phước,Cà Mau, Cần Thơ, Sóc Trăng.\r\n</p>\r\n\r\n<p>\r\n	Thép Khánh Nam&nbsp;sẵn sàng đáp ứng mọi nhu cầu của khách hàng !\r\n</p>\r\n\r\n<h3>\r\n	Chúng tôi có xe lớn, xe nhỏ cùng đội ngũ nhân viên trẻ, nhiệt tình&nbsp;sẵn sàng&nbsp;giao hàng tới tận công trình.\r\n</h3>\r\n\r\n<p>\r\n	&nbsp;\r\n</p>\r\n\r\n<p>\r\n	- Giao hàng miễn phí các quận tại Tp. Hồ Chí Minh\r\n</p>', '<p>\r\n	Thép Vằn Miền Nam - Đại Lý Thép Vằn Miền Nam Giá Rẻ\r\n</p>', NULL, 'Thép Vằn Miền Nam - Đại Lý Thép Vằn Miền Nam Giá Rẻ', 'Thép Vằn Miền Nam - Đại Lý Thép Vằn Miền Nam Giá Rẻ', 'Thép Vằn Miền Nam,Đại Lý Thép Vằn Miền Nam Giá Rẻ', '0', 0, '0', 1, 1, 4, '2018-03-28 03:28:13', '2018-03-28 03:46:50'),
(37, 'Thép Tròn Trơn Miền Nam - Đại Lý Thép Tròn Trơn Miền Nam Giá Rẻ', 'thep-tron-tron-mien-nam-dai-ly-thep-tron-tron-mien-nam-gia-re', 1, 'images/uploads/images/sanpham/thep_mien_nam_4.jpg', '<p>\r\n	<strong>Với hệ thống kho hàng rải khắp các quận tại Hồ&nbsp;Chí&nbsp;Minh và các tỉnh lận cận&nbsp;:</strong>&nbsp; Bình Dương,Long An, Tây Ninh, Bình Thuận, Nha Trang,Phan Thiết,Bến Tre, An Giang,Vũng Tàu, Đồng Tháp, Bình Phước,Cà Mau, Cần Thơ, Sóc Trăng.\r\n</p>\r\n\r\n<p>\r\n	Thép Khánh Nam&nbsp;sẵn sàng đáp ứng mọi nhu cầu của khách hàng !\r\n</p>\r\n\r\n<h3>\r\n	Chúng tôi có xe lớn, xe nhỏ cùng đội ngũ nhân viên trẻ, nhiệt tình&nbsp;sẵn sàng&nbsp;giao hàng tới tận công trình.\r\n</h3>\r\n\r\n<p>\r\n	&nbsp;\r\n</p>\r\n\r\n<p>\r\n	- Giao hàng miễn phí các quận tại Tp. Hồ Chí Minh\r\n</p>', '<p>\r\n	Thép Tròn Trơn Miền Nam - Đại Lý Thép Tròn Trơn Miền Nam Giá Rẻ\r\n</p>', NULL, 'Thép Tròn Trơn Miền Nam - Đại Lý Thép Tròn Trơn Miền Nam Giá Rẻ', 'Thép Tròn Trơn Miền Nam - Đại Lý Thép Tròn Trơn Miền Nam Giá Rẻ', 'Thép Tròn Trơn Miền Nam,Đại Lý Thép Tròn Trơn Miền Nam Giá Rẻ', '0', 0, '0', 1, 1, 4, '2018-03-28 03:28:13', '2018-03-28 03:48:15'),
(38, 'Thép Cuộn Miền Nam - Đại Lý Thép Cuộn Miền Nam Giá Rẻ', 'thep-cuon-mien-nam-dai-ly-thep-cuon-mien-nam-gia-re', 1, 'images/uploads/images/sanpham/thep_mien_nam_3.jpg', '<p>\r\n	<strong>Với hệ thống kho hàng rải khắp các quận tại Hồ&nbsp;Chí&nbsp;Minh và các tỉnh lận cận&nbsp;:</strong>&nbsp; Bình Dương,Long An, Tây Ninh, Bình Thuận, Nha Trang,Phan Thiết,Bến Tre, An Giang,Vũng Tàu, Đồng Tháp, Bình Phước,Cà Mau, Cần Thơ, Sóc Trăng.\r\n</p>\r\n\r\n<p>\r\n	Thép Khánh Nam&nbsp;sẵn sàng đáp ứng mọi nhu cầu của khách hàng !\r\n</p>\r\n\r\n<h3>\r\n	Chúng tôi có xe lớn, xe nhỏ cùng đội ngũ nhân viên trẻ, nhiệt tình&nbsp;sẵn sàng&nbsp;giao hàng tới tận công trình.\r\n</h3>\r\n\r\n<p>\r\n	&nbsp;\r\n</p>\r\n\r\n<p>\r\n	- Giao hàng miễn phí các quận tại Tp. Hồ Chí Minh\r\n</p>', '<p>\r\n	Thép Cuộn Miền Nam - Đại Lý Thép Cuộn Miền Nam Giá Rẻ\r\n</p>', NULL, 'Thép Cuộn Miền Nam - Đại Lý Thép Cuộn Miền Nam Giá Rẻ', 'Thép Cuộn Miền Nam - Đại Lý Thép Cuộn Miền Nam Giá Rẻ', 'Thép Cuộn Miền Nam,Đại Lý Thép Cuộn Miền Nam Giá Rẻ', '0', 0, '0', 1, 1, 4, '2018-03-28 03:28:13', '2018-03-28 03:47:36'),
(39, 'Thép Miền Nam Phi 18 - Đại Lý Thép Ø18 Miền Nam Giá Rẻ', 'thep-mien-nam-phi-18-dai-ly-thep-18-mien-nam-gia-re', 1, 'images/uploads/images/sanpham/thep_mien_nam_2.jpg', '<p>\r\n	<strong>Với hệ thống kho hàng rải khắp các quận tại Hồ&nbsp;Chí&nbsp;Minh và các tỉnh lận cận&nbsp;:</strong>&nbsp; Bình Dương,Long An, Tây Ninh, Bình Thuận, Nha Trang,Phan Thiết,Bến Tre, An Giang,Vũng Tàu, Đồng Tháp, Bình Phước,Cà Mau, Cần Thơ, Sóc Trăng.\r\n</p>\r\n\r\n<p>\r\n	Thép Khánh Nam&nbsp;sẵn sàng đáp ứng mọi nhu cầu của khách hàng !\r\n</p>\r\n\r\n<h3>\r\n	Chúng tôi có xe lớn, xe nhỏ cùng đội ngũ nhân viên trẻ, nhiệt tình&nbsp;sẵn sàng&nbsp;giao hàng tới tận công trình.\r\n</h3>\r\n\r\n<p>\r\n	&nbsp;\r\n</p>\r\n\r\n<p>\r\n	- Giao hàng miễn phí các quận tại Tp. Hồ Chí Minh\r\n</p>', '<p>\r\n	Thép Miền Nam Phi 18 - Đại Lý Thép Ø18 Miền Nam Giá Rẻ\r\n</p>', NULL, 'Thép Miền Nam Phi 18 - Đại Lý Thép Ø18 Miền Nam Giá Rẻ', 'Thép Miền Nam Phi 18 - Đại Lý Thép Ø18 Miền Nam Giá Rẻ', 'Thép Miền Nam Phi 18,Đại Lý Thép Ø18 Miền Nam Giá Rẻ', '0', 0, '0', 1, 1, 4, '2018-03-28 03:28:13', '2018-03-28 03:50:50'),
(40, 'Thép Miền Nam Phi 20 - Đại Lý Thép Ø20 Miền Nam Giá Rẻ', 'thep-mien-nam-phi-20-dai-ly-thep-20-mien-nam-gia-re', 1, 'images/uploads/images/sanpham/thep_7.jpg', '<p>\r\n	<strong>Với hệ thống kho hàng rải khắp các quận tại Hồ&nbsp;Chí&nbsp;Minh và các tỉnh lận cận&nbsp;:</strong>&nbsp; Bình Dương,Long An, Tây Ninh, Bình Thuận, Nha Trang,Phan Thiết,Bến Tre, An Giang,Vũng Tàu, Đồng Tháp, Bình Phước,Cà Mau, Cần Thơ, Sóc Trăng.\r\n</p>\r\n\r\n<p>\r\n	Thép Khánh Nam&nbsp;sẵn sàng đáp ứng mọi nhu cầu của khách hàng !\r\n</p>\r\n\r\n<h3>\r\n	Chúng tôi có xe lớn, xe nhỏ cùng đội ngũ nhân viên trẻ, nhiệt tình&nbsp;sẵn sàng&nbsp;giao hàng tới tận công trình.\r\n</h3>\r\n\r\n<p>\r\n	&nbsp;\r\n</p>\r\n\r\n<p>\r\n	- Giao hàng miễn phí các quận tại Tp. Hồ Chí Minh\r\n</p>', '<p>\r\n	Thép Miền Nam Phi 20 - Đại Lý Thép Ø20 Miền Nam Giá Rẻ\r\n</p>', NULL, 'Thép Miền Nam Phi 20 - Đại Lý Thép Ø20 Miền Nam Giá Rẻ', 'Thép Miền Nam Phi 20 - Đại Lý Thép Ø20 Miền Nam Giá Rẻ', 'Thép Miền Nam Phi 20,Đại Lý Thép Ø20 Miền Nam Giá Rẻ', '0', 0, '0', 1, 1, 4, '2018-03-28 03:28:13', '2018-03-28 03:50:19'),
(41, 'Thép Miền Nam Phi 22 - Đại Lý Thép Ø22 Miền Nam Giá Rẻ', 'thep-mien-nam-phi-22-dai-ly-thep-22-mien-nam-gia-re', 1, 'images/uploads/images/sanpham/thep_9.jpg', '<p>\r\n	<strong>Với hệ thống kho hàng rải khắp các quận tại Hồ&nbsp;Chí&nbsp;Minh và các tỉnh lận cận&nbsp;:</strong>&nbsp; Bình Dương,Long An, Tây Ninh, Bình Thuận, Nha Trang,Phan Thiết,Bến Tre, An Giang,Vũng Tàu, Đồng Tháp, Bình Phước,Cà Mau, Cần Thơ, Sóc Trăng.\r\n</p>\r\n\r\n<p>\r\n	Thép Khánh Nam&nbsp;sẵn sàng đáp ứng mọi nhu cầu của khách hàng !\r\n</p>\r\n\r\n<h3>\r\n	Chúng tôi có xe lớn, xe nhỏ cùng đội ngũ nhân viên trẻ, nhiệt tình&nbsp;sẵn sàng&nbsp;giao hàng tới tận công trình.\r\n</h3>\r\n\r\n<p>\r\n	&nbsp;\r\n</p>\r\n\r\n<p>\r\n	- Giao hàng miễn phí các quận tại Tp. Hồ Chí Minh\r\n</p>', '<p>\r\n	Thép Miền Nam Phi 22 - Đại Lý Thép Ø22 Miền Nam Giá Rẻ\r\n</p>', NULL, 'Thép Miền Nam Phi 22 - Đại Lý Thép Ø22 Miền Nam Giá Rẻ', 'Thép Miền Nam Phi 22 - Đại Lý Thép Ø22 Miền Nam Giá Rẻ', 'Thép Miền Nam Phi 22,Đại Lý Thép Ø22 Miền Nam Giá Rẻ', '0', 0, '0', 1, 1, 4, '2018-03-28 03:28:13', '2018-03-28 03:49:32'),
(42, 'Thép Miền Nam Phi 25 - Đại Lý Thép Ø25 Miền Nam Giá Rẻ', 'thep-mien-nam-phi-25-dai-ly-thep-25-mien-nam-gia-re', 1, 'images/uploads/images/sanpham/thep_12.jpg', '<p>\r\n	<strong>Với hệ thống kho hàng rải khắp các quận tại Hồ&nbsp;Chí&nbsp;Minh và các tỉnh lận cận&nbsp;:</strong>&nbsp; Bình Dương,Long An, Tây Ninh, Bình Thuận, Nha Trang,Phan Thiết,Bến Tre, An Giang,Vũng Tàu, Đồng Tháp, Bình Phước,Cà Mau, Cần Thơ, Sóc Trăng.\r\n</p>\r\n\r\n<p>\r\n	Thép Khánh Nam&nbsp;sẵn sàng đáp ứng mọi nhu cầu của khách hàng !\r\n</p>\r\n\r\n<h3>\r\n	Chúng tôi có xe lớn, xe nhỏ cùng đội ngũ nhân viên trẻ, nhiệt tình&nbsp;sẵn sàng&nbsp;giao hàng tới tận công trình.\r\n</h3>\r\n\r\n<p>\r\n	&nbsp;\r\n</p>\r\n\r\n<p>\r\n	- Giao hàng miễn phí các quận tại Tp. Hồ Chí Minh\r\n</p>', '<p>\r\n	Thép Miền Nam Phi 25 - Đại Lý Thép Ø25 Miền Nam Giá Rẻ\r\n</p>', NULL, 'Thép Miền Nam Phi 25 - Đại Lý Thép Ø25 Miền Nam Giá Rẻ', 'Thép Miền Nam Phi 25 - Đại Lý Thép Ø25 Miền Nam Giá Rẻ', 'Thép Miền Nam Phi 25,Đại Lý Thép Ø25 Miền Nam Giá Rẻ', '0', 0, '0', 1, 1, 4, '2018-03-28 03:28:13', '2018-03-28 03:48:59'),
(43, 'Thép Miền Nam Phi 10 - Đại Lý Thép Ø10 Miền Nam Giá Rẻ', 'thep-mien-nam-phi-10-dai-ly-thep-10-mien-nam-gia-re', 1, 'images/uploads/images/sanpham/thep_mien_nam_7.jpg', '<p>\r\n	<strong>Với hệ thống kho hàng rải khắp các quận tại Hồ&nbsp;Chí&nbsp;Minh và các tỉnh lận cận&nbsp;:</strong>&nbsp; Bình Dương,Long An, Tây Ninh, Bình Thuận, Nha Trang,Phan Thiết,Bến Tre, An Giang,Vũng Tàu, Đồng Tháp, Bình Phước,Cà Mau, Cần Thơ, Sóc Trăng.\r\n</p>\r\n\r\n<p>\r\n	Thép Khánh Nam&nbsp;sẵn sàng đáp ứng mọi nhu cầu của khách hàng !\r\n</p>\r\n\r\n<h3>\r\n	Chúng tôi có xe lớn, xe nhỏ cùng đội ngũ nhân viên trẻ, nhiệt tình&nbsp;sẵn sàng&nbsp;giao hàng tới tận công trình.\r\n</h3>\r\n\r\n<p>\r\n	&nbsp;\r\n</p>\r\n\r\n<p>\r\n	- Giao hàng miễn phí các quận tại Tp. Hồ Chí Minh\r\n</p>', '<p>\r\n	Thép Miền Nam Phi 10 - Đại Lý Thép Ø10 Miền Nam Giá Rẻ\r\n</p>', NULL, 'Thép Miền Nam Phi 10 - Đại Lý Thép Ø10 Miền Nam Giá Rẻ', 'Thép Miền Nam Phi 10 - Đại Lý Thép Ø10 Miền Nam Giá Rẻ', 'Thép Miền Nam Phi 10,Đại Lý Thép Ø10 Miền Nam Giá Rẻ', '0', 0, '0', 1, 1, 4, '2018-03-28 03:28:13', '2018-03-28 03:53:13'),
(44, 'Thép Miền Nam Phi 12 - Đại Lý Thép Ø12 Miền Nam Giá Rẻ', 'thep-mien-nam-phi-12-dai-ly-thep-12-mien-nam-gia-re', 1, 'images/uploads/images/sanpham/thep_12.jpg', '<p>\r\n	<strong>Với hệ thống kho hàng rải khắp các quận tại Hồ&nbsp;Chí&nbsp;Minh và các tỉnh lận cận&nbsp;:</strong>&nbsp; Bình Dương,Long An, Tây Ninh, Bình Thuận, Nha Trang,Phan Thiết,Bến Tre, An Giang,Vũng Tàu, Đồng Tháp, Bình Phước,Cà Mau, Cần Thơ, Sóc Trăng.\r\n</p>\r\n\r\n<p>\r\n	Thép Khánh Nam&nbsp;sẵn sàng đáp ứng mọi nhu cầu của khách hàng !\r\n</p>\r\n\r\n<h3>\r\n	Chúng tôi có xe lớn, xe nhỏ cùng đội ngũ nhân viên trẻ, nhiệt tình&nbsp;sẵn sàng&nbsp;giao hàng tới tận công trình.\r\n</h3>\r\n\r\n<p>\r\n	&nbsp;\r\n</p>\r\n\r\n<p>\r\n	- Giao hàng miễn phí các quận tại Tp. Hồ Chí Minh\r\n</p>', '<p>\r\n	Thép Miền Nam Phi 12 - Đại Lý Thép Ø12 Miền Nam Giá Rẻ\r\n</p>', NULL, 'Thép Miền Nam Phi 12 - Đại Lý Thép Ø12 Miền Nam Giá Rẻ', 'Thép Miền Nam Phi 12 - Đại Lý Thép Ø12 Miền Nam Giá Rẻ', 'Thép Miền Nam Phi 12,Đại Lý Thép Ø12 Miền Nam Giá Rẻ', '0', 0, '0', 1, 1, 4, '2018-03-28 03:28:13', '2018-03-28 03:52:36'),
(45, 'Thép Miền Nam Phi 14 - Đại Lý Thép Ø14 Miền Nam Giá Rẻ', 'thep-mien-nam-phi-14-dai-ly-thep-14-mien-nam-gia-re', 1, 'images/uploads/images/sanpham/thep_10.jpg', '<p>\r\n	<strong>Với hệ thống kho hàng rải khắp các quận tại Hồ&nbsp;Chí&nbsp;Minh và các tỉnh lận cận&nbsp;:</strong>&nbsp; Bình Dương,Long An, Tây Ninh, Bình Thuận, Nha Trang,Phan Thiết,Bến Tre, An Giang,Vũng Tàu, Đồng Tháp, Bình Phước,Cà Mau, Cần Thơ, Sóc Trăng.\r\n</p>\r\n\r\n<p>\r\n	Thép Khánh Nam&nbsp;sẵn sàng đáp ứng mọi nhu cầu của khách hàng !\r\n</p>\r\n\r\n<h3>\r\n	Chúng tôi có xe lớn, xe nhỏ cùng đội ngũ nhân viên trẻ, nhiệt tình&nbsp;sẵn sàng&nbsp;giao hàng tới tận công trình.\r\n</h3>\r\n\r\n<p>\r\n	&nbsp;\r\n</p>\r\n\r\n<p>\r\n	- Giao hàng miễn phí các quận tại Tp. Hồ Chí Minh\r\n</p>', '<p>\r\n	Thép Miền Nam Phi 14 - Đại Lý Thép Ø14 Miền Nam Giá Rẻ\r\n</p>', NULL, 'Thép Miền Nam Phi 14 - Đại Lý Thép Ø14 Miền Nam Giá Rẻ', 'Thép Miền Nam Phi 14 - Đại Lý Thép Ø14 Miền Nam Giá Rẻ', 'Thép Miền Nam Phi 14,Đại Lý Thép Ø14 Miền Nam Giá Rẻ', '0', 0, '0', 1, 1, 4, '2018-03-28 03:28:13', '2018-03-28 03:52:09');
INSERT INTO `products` (`id`, `name`, `path`, `isActive`, `image`, `description`, `content`, `code`, `seo_title`, `seo_description`, `seo_keywords`, `price`, `sale`, `final_price`, `order`, `user_id`, `category_product_id`, `created_at`, `updated_at`) VALUES
(46, 'Thép Miền Nam Phi 16 - Đại Lý Thép Ø16 Miền Nam Giá Rẻ', 'thep-mien-nam-phi-16-dai-ly-thep-16-mien-nam-gia-re', 1, 'images/uploads/images/sanpham/thep_7.jpg', '<p>\r\n	<strong>Với hệ thống kho hàng rải khắp các quận tại Hồ&nbsp;Chí&nbsp;Minh và các tỉnh lận cận&nbsp;:</strong>&nbsp; Bình Dương,Long An, Tây Ninh, Bình Thuận, Nha Trang,Phan Thiết,Bến Tre, An Giang,Vũng Tàu, Đồng Tháp, Bình Phước,Cà Mau, Cần Thơ, Sóc Trăng.\r\n</p>\r\n\r\n<p>\r\n	Thép Khánh Nam&nbsp;sẵn sàng đáp ứng mọi nhu cầu của khách hàng !\r\n</p>\r\n\r\n<h3>\r\n	Chúng tôi có xe lớn, xe nhỏ cùng đội ngũ nhân viên trẻ, nhiệt tình&nbsp;sẵn sàng&nbsp;giao hàng tới tận công trình.\r\n</h3>\r\n\r\n<p>\r\n	&nbsp;\r\n</p>\r\n\r\n<p>\r\n	- Giao hàng miễn phí các quận tại Tp. Hồ Chí Minh\r\n</p>', '<p>\r\n	Thép Miền Nam Phi 16 - Đại Lý Thép Ø16 Miền Nam Giá Rẻ\r\n</p>', NULL, 'Thép Miền Nam Phi 16 - Đại Lý Thép Ø16 Miền Nam Giá Rẻ', 'Thép Miền Nam Phi 16 - Đại Lý Thép Ø16 Miền Nam Giá Rẻ', 'Thép Miền Nam Phi 16,Đại Lý Thép Ø16 Miền Nam Giá Rẻ', '0', 0, '0', 1, 1, 4, '2018-03-28 03:28:13', '2018-03-28 03:51:42'),
(47, 'Thép Miền Nam Phi 6 - Đại Lý Thép Ø6 Miền Nam Giá Rẻ', 'thep-mien-nam-phi-6-dai-ly-thep-6-mien-nam-gia-re', 1, 'images/uploads/images/sanpham/thep_mien_nam_2.jpg', '<p>\r\n	<strong>Với hệ thống kho hàng rải khắp các quận tại Hồ&nbsp;Chí&nbsp;Minh và các tỉnh lận cận&nbsp;:</strong>&nbsp; Bình Dương,Long An, Tây Ninh, Bình Thuận, Nha Trang,Phan Thiết,Bến Tre, An Giang,Vũng Tàu, Đồng Tháp, Bình Phước,Cà Mau, Cần Thơ, Sóc Trăng.\r\n</p>\r\n\r\n<p>\r\n	Thép Khánh Nam&nbsp;sẵn sàng đáp ứng mọi nhu cầu của khách hàng !\r\n</p>\r\n\r\n<h3>\r\n	Chúng tôi có xe lớn, xe nhỏ cùng đội ngũ nhân viên trẻ, nhiệt tình&nbsp;sẵn sàng&nbsp;giao hàng tới tận công trình.\r\n</h3>\r\n\r\n<p>\r\n	&nbsp;\r\n</p>\r\n\r\n<p>\r\n	- Giao hàng miễn phí các quận tại Tp. Hồ Chí Minh\r\n</p>', '<p>\r\n	Thép Miền Nam Phi 6 - Đại Lý Thép Ø6 Miền Nam Giá Rẻ\r\n</p>', NULL, 'Thép Miền Nam Phi 6 - Đại Lý Thép Ø6 Miền Nam Giá Rẻ', 'Thép Miền Nam Phi 6 - Đại Lý Thép Ø6 Miền Nam Giá Rẻ', 'Thép Miền Nam Phi 6,Đại Lý Thép Ø6 Miền Nam Giá Rẻ', '0', 0, '0', 1, 1, 4, '2018-03-28 03:28:13', '2018-03-28 03:54:16'),
(48, 'Thép Miền Nam Phi 8 - Đại Lý Thép Ø8 Miền Nam Giá Rẻ', 'thep-mien-nam-phi-8-dai-ly-thep-8-mien-nam-gia-re', 1, 'images/uploads/images/sanpham/thep_2.jpg', '<p>\r\n	<strong>Với hệ thống kho hàng rải khắp các quận tại Hồ&nbsp;Chí&nbsp;Minh và các tỉnh lận cận&nbsp;:</strong>&nbsp; Bình Dương,Long An, Tây Ninh, Bình Thuận, Nha Trang,Phan Thiết,Bến Tre, An Giang,Vũng Tàu, Đồng Tháp, Bình Phước,Cà Mau, Cần Thơ, Sóc Trăng.\r\n</p>\r\n\r\n<p>\r\n	Thép Khánh Nam&nbsp;sẵn sàng đáp ứng mọi nhu cầu của khách hàng !\r\n</p>\r\n\r\n<h3>\r\n	Chúng tôi có xe lớn, xe nhỏ cùng đội ngũ nhân viên trẻ, nhiệt tình&nbsp;sẵn sàng&nbsp;giao hàng tới tận công trình.\r\n</h3>\r\n\r\n<p>\r\n	&nbsp;\r\n</p>\r\n\r\n<p>\r\n	- Giao hàng miễn phí các quận tại Tp. Hồ Chí Minh\r\n</p>', '<p>\r\n	Thép Miền Nam Phi 8 - Đại Lý Thép Ø8 Miền Nam Giá Rẻ\r\n</p>', NULL, 'Thép Miền Nam Phi 8 - Đại Lý Thép Ø8 Miền Nam Giá Rẻ', 'Thép Miền Nam Phi 8 - Đại Lý Thép Ø8 Miền Nam Giá Rẻ', 'Thép Miền Nam Phi 8,Đại Lý Thép Ø8 Miền Nam Giá Rẻ', '0', 0, '0', 1, 1, 4, '2018-03-28 03:28:13', '2018-03-28 03:53:49'),
(49, 'Thép Cuộn Hòa Phát - Đại Lý Thép Cuôn Giá Rẻ Hòa Phát', 'thep-cuon-hoa-phat-dai-ly-thep-cuon-gia-re-hoa-phat', 1, 'images/uploads/images/sanpham/thep_viet_nhat_2.jpg', '<p>\r\n	<strong>Với hệ thống kho hàng rải khắp các quận tại Hồ&nbsp;Chí&nbsp;Minh và các tỉnh lận cận&nbsp;:</strong>&nbsp; Bình Dương,Long An, Tây Ninh, Bình Thuận, Nha Trang,Phan Thiết,Bến Tre, An Giang,Vũng Tàu, Đồng Tháp, Bình Phước,Cà Mau, Cần Thơ, Sóc Trăng.\r\n</p>\r\n\r\n<p>\r\n	Thép Khánh Nam&nbsp;sẵn sàng đáp ứng mọi nhu cầu của khách hàng !\r\n</p>\r\n\r\n<h3>\r\n	Chúng tôi có xe lớn, xe nhỏ cùng đội ngũ nhân viên trẻ, nhiệt tình&nbsp;sẵn sàng&nbsp;giao hàng tới tận công trình.\r\n</h3>\r\n\r\n<p>\r\n	&nbsp;\r\n</p>\r\n\r\n<p>\r\n	- Giao hàng miễn phí các quận tại Tp. Hồ Chí Minh\r\n</p>', '<p>\r\n	Thép Cuộn Hòa Phát - Đại Lý Thép Cuôn Giá Rẻ Hòa Phát\r\n</p>', NULL, 'Thép Cuộn Hòa Phát - Đại Lý Thép Cuôn Giá Rẻ Hòa Phát', 'Thép Cuộn Hòa Phát - Đại Lý Thép Cuôn Giá Rẻ Hòa Phát', 'Thép Cuộn Hòa Phát,Đại Lý Thép Cuôn Giá Rẻ Hòa Phát', '0', 0, '0', 1, 1, 5, '2018-03-28 03:28:13', '2018-03-28 03:57:11'),
(50, 'Thép Vằn Hòa Phát - Đại Lý Thép Thanh Vằn Hòa Phát Giá Rẻ', 'thep-van-hoa-phat-dai-ly-thep-thanh-van-hoa-phat-gia-re', 1, 'images/uploads/images/sanpham/thep_hoa_phat_1.jpg', '<p>\r\n	<strong>Với hệ thống kho hàng rải khắp các quận tại Hồ&nbsp;Chí&nbsp;Minh và các tỉnh lận cận&nbsp;:</strong>&nbsp; Bình Dương,Long An, Tây Ninh, Bình Thuận, Nha Trang,Phan Thiết,Bến Tre, An Giang,Vũng Tàu, Đồng Tháp, Bình Phước,Cà Mau, Cần Thơ, Sóc Trăng.\r\n</p>\r\n\r\n<p>\r\n	Thép Khánh Nam&nbsp;sẵn sàng đáp ứng mọi nhu cầu của khách hàng !\r\n</p>\r\n\r\n<h3>\r\n	Chúng tôi có xe lớn, xe nhỏ cùng đội ngũ nhân viên trẻ, nhiệt tình&nbsp;sẵn sàng&nbsp;giao hàng tới tận công trình.\r\n</h3>\r\n\r\n<p>\r\n	&nbsp;\r\n</p>\r\n\r\n<p>\r\n	- Giao hàng miễn phí các quận tại Tp. Hồ Chí Minh\r\n</p>', '<p>\r\n	Thép Vằn Hòa Phát - Đại Lý Thép Thanh Vằn Hòa Phát Giá Rẻt\r\n</p>', NULL, 'Thép Vằn Hòa Phát - Đại Lý Thép Thanh Vằn Hòa Phát Giá Rẻ', 'Thép Vằn Hòa Phát - Đại Lý Thép Thanh Vằn Hòa Phát Giá Rẻ', 'Thép Vằn Hòa Phát,Đại Lý Thép Thanh Vằn Hòa Phát Giá Rẻ', '0', 0, '0', 1, 1, 5, '2018-03-28 03:28:13', '2018-03-28 03:57:51'),
(51, 'Thép Hòa Phát Phi 32 - Đại Lý Thép Ø32 Hòa Phát Giá Rẻ', 'thep-hoa-phat-phi-32-dai-ly-thep-32-hoa-phat-gia-re', 1, 'images/uploads/images/sanpham/thep_viet_nhat_11.jpg', '<p>\r\n	<strong>Với hệ thống kho hàng rải khắp các quận tại Hồ&nbsp;Chí&nbsp;Minh và các tỉnh lận cận&nbsp;:</strong>&nbsp; Bình Dương,Long An, Tây Ninh, Bình Thuận, Nha Trang,Phan Thiết,Bến Tre, An Giang,Vũng Tàu, Đồng Tháp, Bình Phước,Cà Mau, Cần Thơ, Sóc Trăng.\r\n</p>\r\n\r\n<p>\r\n	Thép Khánh Nam&nbsp;sẵn sàng đáp ứng mọi nhu cầu của khách hàng !\r\n</p>\r\n\r\n<h3>\r\n	Chúng tôi có xe lớn, xe nhỏ cùng đội ngũ nhân viên trẻ, nhiệt tình&nbsp;sẵn sàng&nbsp;giao hàng tới tận công trình.\r\n</h3>\r\n\r\n<p>\r\n	&nbsp;\r\n</p>\r\n\r\n<p>\r\n	- Giao hàng miễn phí các quận tại Tp. Hồ Chí Minh\r\n</p>', '<p>\r\n	Thép Hòa Phát Phi 32 - Đại Lý Thép Ø32 Hòa Phát Giá Rẻ\r\n</p>', NULL, 'Thép Hòa Phát Phi 32 - Đại Lý Thép Ø32 Hòa Phát Giá Rẻ', 'Thép Hòa Phát Phi 32 - Đại Lý Thép Ø32 Hòa Phát Giá Rẻ', 'Thép Hòa Phát Phi 32,Đại Lý Thép Ø32 Hòa Phát Giá Rẻ', '0', 0, '0', 1, 1, 5, '2018-03-28 03:28:13', '2018-03-28 03:59:16'),
(52, 'Thép Tròn Trơn Hòa Phát - Đại Lý Thép Tròn Trơn Hòa Phát Giá Rẻ', 'thep-tron-tron-hoa-phat-dai-ly-thep-tron-tron-hoa-phat-gia-re', 1, 'images/uploads/images/sanpham/thep_viet_nhat_4.jpg', '<p>\r\n	<strong>Với hệ thống kho hàng rải khắp các quận tại Hồ&nbsp;Chí&nbsp;Minh và các tỉnh lận cận&nbsp;:</strong>&nbsp; Bình Dương,Long An, Tây Ninh, Bình Thuận, Nha Trang,Phan Thiết,Bến Tre, An Giang,Vũng Tàu, Đồng Tháp, Bình Phước,Cà Mau, Cần Thơ, Sóc Trăng.\r\n</p>\r\n\r\n<p>\r\n	Thép Khánh Nam&nbsp;sẵn sàng đáp ứng mọi nhu cầu của khách hàng !\r\n</p>\r\n\r\n<h3>\r\n	Chúng tôi có xe lớn, xe nhỏ cùng đội ngũ nhân viên trẻ, nhiệt tình&nbsp;sẵn sàng&nbsp;giao hàng tới tận công trình.\r\n</h3>\r\n\r\n<p>\r\n	&nbsp;\r\n</p>\r\n\r\n<p>\r\n	- Giao hàng miễn phí các quận tại Tp. Hồ Chí Minh\r\n</p>', '<p>\r\n	Thép Tròn Trơn Hòa Phát - Đại Lý Thép Tròn Trơn Hòa Phát Giá Rẻ\r\n</p>', NULL, 'Thép Tròn Trơn Hòa Phát - Đại Lý Thép Tròn Trơn Hòa Phát Giá Rẻ', 'Thép Tròn Trơn Hòa Phát - Đại Lý Thép Tròn Trơn Hòa Phát Giá Rẻ', 'Thép Tròn Trơn Hòa Phát,Đại Lý Thép Tròn Trơn Hòa Phát Giá Rẻ', '0', 0, '0', 1, 1, 5, '2018-03-28 03:28:13', '2018-03-28 03:58:41'),
(53, 'Thép Hòa Phát Phi 22 - Đại Lý Thép Ø22 Hòa Phát Giá Rẻ', 'thep-hoa-phat-phi-22-dai-ly-thep-22-hoa-phat-gia-re', 1, 'images/uploads/images/sanpham/thep_12.jpg', '<p>\r\n	<strong>Với hệ thống kho hàng rải khắp các quận tại Hồ&nbsp;Chí&nbsp;Minh và các tỉnh lận cận&nbsp;:</strong>&nbsp; Bình Dương,Long An, Tây Ninh, Bình Thuận, Nha Trang,Phan Thiết,Bến Tre, An Giang,Vũng Tàu, Đồng Tháp, Bình Phước,Cà Mau, Cần Thơ, Sóc Trăng.\r\n</p>\r\n\r\n<p>\r\n	Thép Khánh Nam&nbsp;sẵn sàng đáp ứng mọi nhu cầu của khách hàng !\r\n</p>\r\n\r\n<h3>\r\n	Chúng tôi có xe lớn, xe nhỏ cùng đội ngũ nhân viên trẻ, nhiệt tình&nbsp;sẵn sàng&nbsp;giao hàng tới tận công trình.\r\n</h3>\r\n\r\n<p>\r\n	&nbsp;\r\n</p>\r\n\r\n<p>\r\n	- Giao hàng miễn phí các quận tại Tp. Hồ Chí Minh\r\n</p>', '<p>\r\n	Thép Hòa Phát Phi 22 - Đại Lý Thép Ø22 Hòa Phát Giá Rẻ\r\n</p>', NULL, 'Thép Hòa Phát Phi 22 - Đại Lý Thép Ø22 Hòa Phát Giá Rẻ', 'Thép Hòa Phát Phi 22 - Đại Lý Thép Ø22 Hòa Phát Giá Rẻ', 'Thép Hòa Phát Phi 22,Đại Lý Thép Ø22 Hòa Phát Giá Rẻ', '0', 0, '0', 1, 1, 5, '2018-03-28 03:28:13', '2018-03-28 04:07:58'),
(54, 'Thép Hòa Phát Phi 25 - Đại Lý Thép Ø25 Hòa Phát Giá Rẻ', 'thep-hoa-phat-phi-25-dai-ly-thep-25-hoa-phat-gia-re', 1, 'images/uploads/images/sanpham/thep_7.jpg', '<p>\r\n	<strong>Với hệ thống kho hàng rải khắp các quận tại Hồ&nbsp;Chí&nbsp;Minh và các tỉnh lận cận&nbsp;:</strong>&nbsp; Bình Dương,Long An, Tây Ninh, Bình Thuận, Nha Trang,Phan Thiết,Bến Tre, An Giang,Vũng Tàu, Đồng Tháp, Bình Phước,Cà Mau, Cần Thơ, Sóc Trăng.\r\n</p>\r\n\r\n<p>\r\n	Thép Khánh Nam&nbsp;sẵn sàng đáp ứng mọi nhu cầu của khách hàng !\r\n</p>\r\n\r\n<h3>\r\n	Chúng tôi có xe lớn, xe nhỏ cùng đội ngũ nhân viên trẻ, nhiệt tình&nbsp;sẵn sàng&nbsp;giao hàng tới tận công trình.\r\n</h3>\r\n\r\n<p>\r\n	&nbsp;\r\n</p>\r\n\r\n<p>\r\n	- Giao hàng miễn phí các quận tại Tp. Hồ Chí Minh\r\n</p>', '<p>\r\n	Thép Hòa Phát Phi 25 - Đại Lý Thép Ø25 Hòa Phát Giá Rẻ\r\n</p>', NULL, 'Thép Hòa Phát Phi 25 - Đại Lý Thép Ø25 Hòa Phát Giá Rẻ', 'Thép Hòa Phát Phi 25 - Đại Lý Thép Ø25 Hòa Phát Giá Rẻ', 'Thép Hòa Phát Phi 25,Đại Lý Thép Ø25 Hòa Phát Giá Rẻ', '0', 0, '0', 1, 1, 5, '2018-03-28 03:28:13', '2018-03-28 04:07:25'),
(55, 'Thép Hòa Phát Phi 28 - Đại Lý Thép Ø28 Hòa Phát Giá Rẻ', 'thep-hoa-phat-phi-28-dai-ly-thep-28-hoa-phat-gia-re', 1, 'images/uploads/images/sanpham/thep_9.jpg', '<p>\r\n	<strong>Với hệ thống kho hàng rải khắp các quận tại Hồ&nbsp;Chí&nbsp;Minh và các tỉnh lận cận&nbsp;:</strong>&nbsp; Bình Dương,Long An, Tây Ninh, Bình Thuận, Nha Trang,Phan Thiết,Bến Tre, An Giang,Vũng Tàu, Đồng Tháp, Bình Phước,Cà Mau, Cần Thơ, Sóc Trăng.\r\n</p>\r\n\r\n<p>\r\n	Thép Khánh Nam&nbsp;sẵn sàng đáp ứng mọi nhu cầu của khách hàng !\r\n</p>\r\n\r\n<h3>\r\n	Chúng tôi có xe lớn, xe nhỏ cùng đội ngũ nhân viên trẻ, nhiệt tình&nbsp;sẵn sàng&nbsp;giao hàng tới tận công trình.\r\n</h3>\r\n\r\n<p>\r\n	&nbsp;\r\n</p>\r\n\r\n<p>\r\n	- Giao hàng miễn phí các quận tại Tp. Hồ Chí Minh\r\n</p>', '<p>\r\n	Thép Hòa Phát Phi 28 - Đại Lý Thép Ø28 Hòa Phát Giá Rẻ\r\n</p>', NULL, 'Thép Hòa Phát Phi 28 - Đại Lý Thép Ø28 Hòa Phát Giá Rẻ', 'Thép Hòa Phát Phi 28 - Đại Lý Thép Ø28 Hòa Phát Giá Rẻ', 'Thép Hòa Phát Phi 28,Đại Lý Thép Ø28 Hòa Phát Giá Rẻ', '0', 0, '0', 1, 1, 5, '2018-03-28 03:28:13', '2018-03-28 04:06:57'),
(56, 'Thép Hòa Phát Phi 30 - Đại Lý Thép Ø30 Hòa Phát Giá Rẻ', 'thep-hoa-phat-phi-30-dai-ly-thep-30-hoa-phat-gia-re', 1, 'images/uploads/images/sanpham/thep_10.jpg', '<p>\r\n	<strong>Với hệ thống kho hàng rải khắp các quận tại Hồ&nbsp;Chí&nbsp;Minh và các tỉnh lận cận&nbsp;:</strong>&nbsp; Bình Dương,Long An, Tây Ninh, Bình Thuận, Nha Trang,Phan Thiết,Bến Tre, An Giang,Vũng Tàu, Đồng Tháp, Bình Phước,Cà Mau, Cần Thơ, Sóc Trăng.\r\n</p>\r\n\r\n<p>\r\n	Thép Khánh Nam&nbsp;sẵn sàng đáp ứng mọi nhu cầu của khách hàng !\r\n</p>\r\n\r\n<h3>\r\n	Chúng tôi có xe lớn, xe nhỏ cùng đội ngũ nhân viên trẻ, nhiệt tình&nbsp;sẵn sàng&nbsp;giao hàng tới tận công trình.\r\n</h3>\r\n\r\n<p>\r\n	&nbsp;\r\n</p>\r\n\r\n<p>\r\n	- Giao hàng miễn phí các quận tại Tp. Hồ Chí Minh\r\n</p>', '<p>\r\n	Thép Hòa Phát Phi 30 - Đại Lý Thép Ø30 Hòa Phát Giá Rẻ\r\n</p>', NULL, 'Thép Hòa Phát Phi 30 - Đại Lý Thép Ø30 Hòa Phát Giá Rẻ', 'Thép Hòa Phát Phi 30 - Đại Lý Thép Ø30 Hòa Phát Giá Rẻ', 'Thép Hòa Phát Phi 30,Đại Lý Thép Ø30 Hòa Phát Giá Rẻ', '0', 0, '0', 1, 1, 5, '2018-03-28 03:28:13', '2018-03-28 04:06:27'),
(57, 'Thép Hòa Phát Phi 14 - Đại Lý Thép Ø14 Hòa Phát Giá Rẻ', 'thep-hoa-phat-phi-14-dai-ly-thep-14-hoa-phat-gia-re', 1, 'images/uploads/images/sanpham/thep_hoa_phat_2.jpg', '<p>\r\n	<strong>Với hệ thống kho hàng rải khắp các quận tại Hồ&nbsp;Chí&nbsp;Minh và các tỉnh lận cận&nbsp;:</strong>&nbsp; Bình Dương,Long An, Tây Ninh, Bình Thuận, Nha Trang,Phan Thiết,Bến Tre, An Giang,Vũng Tàu, Đồng Tháp, Bình Phước,Cà Mau, Cần Thơ, Sóc Trăng.\r\n</p>\r\n\r\n<p>\r\n	Thép Khánh Nam&nbsp;sẵn sàng đáp ứng mọi nhu cầu của khách hàng !\r\n</p>\r\n\r\n<h3>\r\n	Chúng tôi có xe lớn, xe nhỏ cùng đội ngũ nhân viên trẻ, nhiệt tình&nbsp;sẵn sàng&nbsp;giao hàng tới tận công trình.\r\n</h3>\r\n\r\n<p>\r\n	&nbsp;\r\n</p>\r\n\r\n<p>\r\n	- Giao hàng miễn phí các quận tại Tp. Hồ Chí Minh\r\n</p>', '<p>\r\n	Thép Hòa Phát Phi 14 - Đại Lý Thép Ø14 Hòa Phát Giá Rẻ\r\n</p>', NULL, 'Thép Hòa Phát Phi 14 - Đại Lý Thép Ø14 Hòa Phát Giá Rẻ', 'Thép Hòa Phát Phi 14 - Đại Lý Thép Ø14 Hòa Phát Giá Rẻ', 'Thép Hòa Phát Phi 14,Đại Lý Thép Ø14 Hòa Phát Giá Rẻ', '0', 0, '0', 1, 1, 5, '2018-03-28 03:28:13', '2018-03-28 04:10:23'),
(58, 'Thép Hòa Phát Phi 16 - Đại Lý Thép Ø16 Hòa Phát Giá Rẻ', 'thep-hoa-phat-phi-16-dai-ly-thep-16-hoa-phat-gia-re', 1, 'images/uploads/images/sanpham/thep_11.jpg', '<p>\r\n	<strong>Với hệ thống kho hàng rải khắp các quận tại Hồ&nbsp;Chí&nbsp;Minh và các tỉnh lận cận&nbsp;:</strong>&nbsp; Bình Dương,Long An, Tây Ninh, Bình Thuận, Nha Trang,Phan Thiết,Bến Tre, An Giang,Vũng Tàu, Đồng Tháp, Bình Phước,Cà Mau, Cần Thơ, Sóc Trăng.\r\n</p>\r\n\r\n<p>\r\n	Thép Khánh Nam&nbsp;sẵn sàng đáp ứng mọi nhu cầu của khách hàng !\r\n</p>\r\n\r\n<h3>\r\n	Chúng tôi có xe lớn, xe nhỏ cùng đội ngũ nhân viên trẻ, nhiệt tình&nbsp;sẵn sàng&nbsp;giao hàng tới tận công trình.\r\n</h3>\r\n\r\n<p>\r\n	&nbsp;\r\n</p>\r\n\r\n<p>\r\n	- Giao hàng miễn phí các quận tại Tp. Hồ Chí Minh\r\n</p>', '<p>\r\n	Thép Hòa Phát Phi 16 - Đại Lý Thép Ø16 Hòa Phát Giá Rẻ\r\n</p>', NULL, 'Thép Hòa Phát Phi 16 - Đại Lý Thép Ø16 Hòa Phát Giá Rẻ', 'Thép Hòa Phát Phi 16 - Đại Lý Thép Ø16 Hòa Phát Giá Rẻ', 'Thép Hòa Phát Phi 16,Đại Lý Thép Ø16 Hòa Phát Giá Rẻ', '0', 0, '0', 1, 1, 5, '2018-03-28 03:28:13', '2018-03-28 04:09:52'),
(59, 'Thép Hòa Phát Phi 18 - Đại Lý Thép Ø18 Hòa Phát Giá Rẻ', 'thep-hoa-phat-phi-18-dai-ly-thep-18-hoa-phat-gia-re', 1, 'images/uploads/images/sanpham/thep_hoa_phat_1.jpg', '<p>\r\n	<strong>Với hệ thống kho hàng rải khắp các quận tại Hồ&nbsp;Chí&nbsp;Minh và các tỉnh lận cận&nbsp;:</strong>&nbsp; Bình Dương,Long An, Tây Ninh, Bình Thuận, Nha Trang,Phan Thiết,Bến Tre, An Giang,Vũng Tàu, Đồng Tháp, Bình Phước,Cà Mau, Cần Thơ, Sóc Trăng.\r\n</p>\r\n\r\n<p>\r\n	Thép Khánh Nam&nbsp;sẵn sàng đáp ứng mọi nhu cầu của khách hàng !\r\n</p>\r\n\r\n<h3>\r\n	Chúng tôi có xe lớn, xe nhỏ cùng đội ngũ nhân viên trẻ, nhiệt tình&nbsp;sẵn sàng&nbsp;giao hàng tới tận công trình.\r\n</h3>\r\n\r\n<p>\r\n	&nbsp;\r\n</p>\r\n\r\n<p>\r\n	- Giao hàng miễn phí các quận tại Tp. Hồ Chí Minh\r\n</p>', '<p>\r\n	Thép Hòa Phát Phi 18 - Đại Lý Thép Ø18 Hòa Phát Giá Rẻ\r\n</p>', NULL, 'Thép Hòa Phát Phi 18 - Đại Lý Thép Ø18 Hòa Phát Giá Rẻ', 'Thép Hòa Phát Phi 18 - Đại Lý Thép Ø18 Hòa Phát Giá Rẻ', 'Thép Hòa Phát Phi 18,Đại Lý Thép Ø18 Hòa Phát Giá Rẻ', '0', 0, '0', 1, 1, 5, '2018-03-28 03:28:13', '2018-03-28 04:09:17'),
(60, 'Thép Hòa Phát Phi 20 - Đại Lý Thép Ø20 Hòa Phát Giá Rẻ', 'thep-hoa-phat-phi-20-dai-ly-thep-20-hoa-phat-gia-re', 1, 'images/uploads/images/sanpham/thep_viet_nhat_8.jpg', '<p>\r\n	<strong>Với hệ thống kho hàng rải khắp các quận tại Hồ&nbsp;Chí&nbsp;Minh và các tỉnh lận cận&nbsp;:</strong>&nbsp; Bình Dương,Long An, Tây Ninh, Bình Thuận, Nha Trang,Phan Thiết,Bến Tre, An Giang,Vũng Tàu, Đồng Tháp, Bình Phước,Cà Mau, Cần Thơ, Sóc Trăng.\r\n</p>\r\n\r\n<p>\r\n	Thép Khánh Nam&nbsp;sẵn sàng đáp ứng mọi nhu cầu của khách hàng !\r\n</p>\r\n\r\n<h3>\r\n	Chúng tôi có xe lớn, xe nhỏ cùng đội ngũ nhân viên trẻ, nhiệt tình&nbsp;sẵn sàng&nbsp;giao hàng tới tận công trình.\r\n</h3>\r\n\r\n<p>\r\n	&nbsp;\r\n</p>\r\n\r\n<p>\r\n	- Giao hàng miễn phí các quận tại Tp. Hồ Chí Minh\r\n</p>', '<p>\r\n	Thép Hòa Phát Phi 20 - Đại Lý Thép Ø20 Hòa Phát Giá Rẻ\r\n</p>', NULL, 'Thép Hòa Phát Phi 20 - Đại Lý Thép Ø20 Hòa Phát Giá Rẻ', 'Thép Hòa Phát Phi 20 - Đại Lý Thép Ø20 Hòa Phát Giá Rẻ', 'Thép Hòa Phát Phi 20,Đại Lý Thép Ø20 Hòa Phát Giá Rẻ', '0', 0, '0', 1, 1, 5, '2018-03-28 03:28:13', '2018-03-28 04:08:45'),
(61, 'Thép Hòa Phát Phi 6 - Đại Lý Thép Ø6 Hòa Phát Giá Rẻ', 'thep-hoa-phat-phi-6-dai-ly-thep-6-hoa-phat-gia-re', 1, 'images/uploads/images/sanpham/thep_hoa_phat_4.jpg', '<p>\r\n	<strong>Với hệ thống kho hàng rải khắp các quận tại Hồ&nbsp;Chí&nbsp;Minh và các tỉnh lận cận&nbsp;:</strong>&nbsp; Bình Dương,Long An, Tây Ninh, Bình Thuận, Nha Trang,Phan Thiết,Bến Tre, An Giang,Vũng Tàu, Đồng Tháp, Bình Phước,Cà Mau, Cần Thơ, Sóc Trăng.\r\n</p>\r\n\r\n<p>\r\n	Thép Khánh Nam&nbsp;sẵn sàng đáp ứng mọi nhu cầu của khách hàng !\r\n</p>\r\n\r\n<h3>\r\n	Chúng tôi có xe lớn, xe nhỏ cùng đội ngũ nhân viên trẻ, nhiệt tình&nbsp;sẵn sàng&nbsp;giao hàng tới tận công trình.\r\n</h3>\r\n\r\n<p>\r\n	&nbsp;\r\n</p>\r\n\r\n<p>\r\n	- Giao hàng miễn phí các quận tại Tp. Hồ Chí Minh\r\n</p>', '<p>\r\n	Thép Hòa Phát Phi 6 - Đại Lý Thép Ø6 Hòa Phát Giá Rẻ\r\n</p>', NULL, 'Thép Hòa Phát Phi 6 - Đại Lý Thép Ø6 Hòa Phát Giá Rẻ', 'Thép Hòa Phát Phi 6 - Đại Lý Thép Ø6 Hòa Phát Giá Rẻ', 'Thép Hòa Phát Phi 6,Đại Lý Thép Ø6 Hòa Phát Giá Rẻ', '0', 0, '0', 1, 1, 5, '2018-03-28 03:28:13', '2018-03-28 04:12:32'),
(62, 'Thép Hòa Phát Phi 8 - Đại Lý Thép Ø8 Hòa Phát Giá Rẻ', 'thep-hoa-phat-phi-8-dai-ly-thep-8-hoa-phat-gia-re', 1, 'images/uploads/images/sanpham/thep_mien_nam_3.jpg', '<p>\r\n	<strong>Với hệ thống kho hàng rải khắp các quận tại Hồ&nbsp;Chí&nbsp;Minh và các tỉnh lận cận&nbsp;:</strong>&nbsp; Bình Dương,Long An, Tây Ninh, Bình Thuận, Nha Trang,Phan Thiết,Bến Tre, An Giang,Vũng Tàu, Đồng Tháp, Bình Phước,Cà Mau, Cần Thơ, Sóc Trăng.\r\n</p>\r\n\r\n<p>\r\n	Thép Khánh Nam&nbsp;sẵn sàng đáp ứng mọi nhu cầu của khách hàng !\r\n</p>\r\n\r\n<h3>\r\n	Chúng tôi có xe lớn, xe nhỏ cùng đội ngũ nhân viên trẻ, nhiệt tình&nbsp;sẵn sàng&nbsp;giao hàng tới tận công trình.\r\n</h3>\r\n\r\n<p>\r\n	&nbsp;\r\n</p>\r\n\r\n<p>\r\n	- Giao hàng miễn phí các quận tại Tp. Hồ Chí Minh\r\n</p>', '<p>\r\n	Thép Hòa Phát Phi 8 - Đại Lý Thép Ø8 Hòa Phát Giá Rẻ\r\n</p>', NULL, 'Thép Hòa Phát Phi 8 - Đại Lý Thép Ø8 Hòa Phát Giá Rẻ', 'Thép Hòa Phát Phi 8 - Đại Lý Thép Ø8 Hòa Phát Giá Rẻ', 'Thép Hòa Phát Phi 8,Đại Lý Thép Ø8 Hòa Phát Giá Rẻ', '0', 0, '0', 1, 1, 5, '2018-03-28 03:28:13', '2018-03-28 04:12:07'),
(63, 'Thép Hòa Phát Phi 10 - Đại Lý Thép Ø10 Hòa Phát Giá Rẻ', 'thep-hoa-phat-phi-10-dai-ly-thep-10-hoa-phat-gia-re', 1, 'images/uploads/images/sanpham/thep_hoa_phat_3.jpg', '<p>\r\n	<strong>Với hệ thống kho hàng rải khắp các quận tại Hồ&nbsp;Chí&nbsp;Minh và các tỉnh lận cận&nbsp;:</strong>&nbsp; Bình Dương,Long An, Tây Ninh, Bình Thuận, Nha Trang,Phan Thiết,Bến Tre, An Giang,Vũng Tàu, Đồng Tháp, Bình Phước,Cà Mau, Cần Thơ, Sóc Trăng.\r\n</p>\r\n\r\n<p>\r\n	Thép Khánh Nam&nbsp;sẵn sàng đáp ứng mọi nhu cầu của khách hàng !\r\n</p>\r\n\r\n<h3>\r\n	Chúng tôi có xe lớn, xe nhỏ cùng đội ngũ nhân viên trẻ, nhiệt tình&nbsp;sẵn sàng&nbsp;giao hàng tới tận công trình.\r\n</h3>\r\n\r\n<p>\r\n	&nbsp;\r\n</p>\r\n\r\n<p>\r\n	- Giao hàng miễn phí các quận tại Tp. Hồ Chí Minh\r\n</p>', '<p>\r\n	Thép Hòa Phát Phi 10 - Đại Lý Thép Ø10 Hòa Phát Giá Rẻ\r\n</p>', NULL, 'Thép Hòa Phát Phi 10 - Đại Lý Thép Ø10 Hòa Phát Giá Rẻ', 'Thép Hòa Phát Phi 10 - Đại Lý Thép Ø10 Hòa Phát Giá Rẻ', 'Thép Hòa Phát Phi 10,Đại Lý Thép Ø10 Hòa Phát Giá Rẻ', '0', 0, '0', 1, 1, 5, '2018-03-28 03:28:13', '2018-03-28 04:11:39'),
(64, 'Thép Hòa Phát Phi 12 - Đại Lý Thép Ø12 Hòa Phát Giá Rẻ', 'thep-hoa-phat-phi-12-dai-ly-thep-12-hoa-phat-gia-re', 1, 'images/uploads/images/sanpham/thep_12.jpg', '<p>\r\n	<strong>Với hệ thống kho hàng rải khắp các quận tại Hồ&nbsp;Chí&nbsp;Minh và các tỉnh lận cận&nbsp;:</strong>&nbsp; Bình Dương,Long An, Tây Ninh, Bình Thuận, Nha Trang,Phan Thiết,Bến Tre, An Giang,Vũng Tàu, Đồng Tháp, Bình Phước,Cà Mau, Cần Thơ, Sóc Trăng.\r\n</p>\r\n\r\n<p>\r\n	Thép Khánh Nam&nbsp;sẵn sàng đáp ứng mọi nhu cầu của khách hàng !\r\n</p>\r\n\r\n<h3>\r\n	Chúng tôi có xe lớn, xe nhỏ cùng đội ngũ nhân viên trẻ, nhiệt tình&nbsp;sẵn sàng&nbsp;giao hàng tới tận công trình.\r\n</h3>\r\n\r\n<p>\r\n	&nbsp;\r\n</p>\r\n\r\n<p>\r\n	- Giao hàng miễn phí các quận tại Tp. Hồ Chí Minh\r\n</p>', '<p>\r\n	Thép Hòa Phát Phi 12 - Đại Lý Thép Ø12 Hòa Phát Giá Rẻ\r\n</p>', NULL, 'Thép Hòa Phát Phi 12 - Đại Lý Thép Ø12 Hòa Phát Giá Rẻ', 'Thép Hòa Phát Phi 12 - Đại Lý Thép Ø12 Hòa Phát Giá Rẻ', 'Thép Hòa Phát Phi 12,Đại Lý Thép Ø12 Hòa Phát Giá Rẻ', '0', 0, '0', 1, 1, 5, '2018-03-28 03:28:13', '2018-03-28 04:11:11'),
(65, 'Thép Hộp Chữ Nhật Mạ kẽm - Đại Lý Thép Hộp Chữ Nhật Mạ Kẽm', 'thep-hop-chu-nhat-ma-kem-dai-ly-thep-hop-chu-nhat-ma-kem', 1, 'images/uploads/images/sanpham/thep_hop_1.jpg', '<p>\r\n	<strong>Với hệ thống kho hàng rải khắp các quận tại Hồ&nbsp;Chí&nbsp;Minh và các tỉnh lận cận&nbsp;:</strong>&nbsp; Bình Dương,Long An, Tây Ninh, Bình Thuận, Nha Trang,Phan Thiết,Bến Tre, An Giang,Vũng Tàu, Đồng Tháp, Bình Phước,Cà Mau, Cần Thơ, Sóc Trăng.\r\n</p>\r\n\r\n<p>\r\n	Thép Khánh Nam&nbsp;sẵn sàng đáp ứng mọi nhu cầu của khách hàng !\r\n</p>\r\n\r\n<h3>\r\n	Chúng tôi có xe lớn, xe nhỏ cùng đội ngũ nhân viên trẻ, nhiệt tình&nbsp;sẵn sàng&nbsp;giao hàng tới tận công trình.\r\n</h3>\r\n\r\n<p>\r\n	&nbsp;\r\n</p>\r\n\r\n<p>\r\n	- Giao hàng miễn phí các quận tại Tp. Hồ Chí Minh\r\n</p>', '<p>\r\n	Thép Hộp Chữ Nhật Mạ kẽm - Đại Lý Thép Hộp Chữ Nhật Mạ Kẽm\r\n</p>', NULL, 'Thép Hộp Chữ Nhật Mạ kẽm - Đại Lý Thép Hộp Chữ Nhật Mạ Kẽm', 'Thép Hộp Chữ Nhật Mạ kẽm - Đại Lý Thép Hộp Chữ Nhật Mạ Kẽm', 'Thép Hộp Chữ Nhật Mạ kẽm,Đại Lý Thép Hộp Chữ Nhật Mạ Kẽm', '0', 0, '0', 1, 1, 6, '2018-03-28 03:28:13', '2018-03-28 04:17:06'),
(66, 'Thép Hộp Vuông Mạ Kẽm - Đại Lý Thép Hộp Vuông Mạ Kẽm Giá Rẻ', 'thep-hop-vuong-ma-kem-dai-ly-thep-hop-vuong-ma-kem-gia-re', 1, 'images/uploads/images/sanpham/thep_hop_2.jpg', '<p>\r\n	<strong>Với hệ thống kho hàng rải khắp các quận tại Hồ&nbsp;Chí&nbsp;Minh và các tỉnh lận cận&nbsp;:</strong>&nbsp; Bình Dương,Long An, Tây Ninh, Bình Thuận, Nha Trang,Phan Thiết,Bến Tre, An Giang,Vũng Tàu, Đồng Tháp, Bình Phước,Cà Mau, Cần Thơ, Sóc Trăng.\r\n</p>\r\n\r\n<p>\r\n	Thép Khánh Nam&nbsp;sẵn sàng đáp ứng mọi nhu cầu của khách hàng !\r\n</p>\r\n\r\n<h3>\r\n	Chúng tôi có xe lớn, xe nhỏ cùng đội ngũ nhân viên trẻ, nhiệt tình&nbsp;sẵn sàng&nbsp;giao hàng tới tận công trình.\r\n</h3>\r\n\r\n<p>\r\n	&nbsp;\r\n</p>\r\n\r\n<p>\r\n	- Giao hàng miễn phí các quận tại Tp. Hồ Chí Minh\r\n</p>', '<p>\r\n	Thép Hộp Vuông Mạ Kẽm - Đại Lý Thép Hộp Vuông Mạ Kẽm Giá Rẻ\r\n</p>', NULL, 'Thép Hộp Vuông Mạ Kẽm - Đại Lý Thép Hộp Vuông Mạ Kẽm Giá Rẻ', 'Thép Hộp Vuông Mạ Kẽm - Đại Lý Thép Hộp Vuông Mạ Kẽm Giá Rẻ', 'Thép Hộp Vuông Mạ Kẽm,Đại Lý Thép Hộp Vuông Mạ Kẽm Giá Rẻ', '0', 0, '0', 1, 1, 6, '2018-03-28 03:28:13', '2018-03-28 04:17:38'),
(67, 'Thép Hộp Vuông Đen - Đại Lý Thép Hộp Vuông Đen Giá Rẻ', 'thep-hop-vuong-den-dai-ly-thep-hop-vuong-den-gia-re', 1, 'images/uploads/images/sanpham/thep_hop_4.jpg', '<p>\r\n	<strong>Với hệ thống kho hàng rải khắp các quận tại Hồ&nbsp;Chí&nbsp;Minh và các tỉnh lận cận&nbsp;:</strong>&nbsp; Bình Dương,Long An, Tây Ninh, Bình Thuận, Nha Trang,Phan Thiết,Bến Tre, An Giang,Vũng Tàu, Đồng Tháp, Bình Phước,Cà Mau, Cần Thơ, Sóc Trăng.\r\n</p>\r\n\r\n<p>\r\n	Thép Khánh Nam&nbsp;sẵn sàng đáp ứng mọi nhu cầu của khách hàng !\r\n</p>\r\n\r\n<h3>\r\n	Chúng tôi có xe lớn, xe nhỏ cùng đội ngũ nhân viên trẻ, nhiệt tình&nbsp;sẵn sàng&nbsp;giao hàng tới tận công trình.\r\n</h3>\r\n\r\n<p>\r\n	&nbsp;\r\n</p>\r\n\r\n<p>\r\n	- Giao hàng miễn phí các quận tại Tp. Hồ Chí Minh\r\n</p>', '<p>\r\n	Thép Hộp Vuông Đen - Đại Lý Thép Hộp Vuông Đen Giá Rẻ\r\n</p>', NULL, 'Thép Hộp Vuông Đen - Đại Lý Thép Hộp Vuông Đen Giá Rẻ', 'Thép Hộp Vuông Đen - Đại Lý Thép Hộp Vuông Đen Giá Rẻ', 'Thép Hộp Vuông Đen,Đại Lý Thép Hộp Vuông Đen Giá Rẻ', '0', 0, '0', 1, 1, 6, '2018-03-28 03:28:13', '2018-03-28 04:18:49'),
(68, 'Thép Hộp Chữ Nhật Đen - Đại Lý Thép Hộp Chữ Nhật Đen Giá Rẻ', 'thep-hop-chu-nhat-den-dai-ly-thep-hop-chu-nhat-den-gia-re', 1, 'images/uploads/images/sanpham/thep_hop_3.jpg', '<p>\r\n	<strong>Với hệ thống kho hàng rải khắp các quận tại Hồ&nbsp;Chí&nbsp;Minh và các tỉnh lận cận&nbsp;:</strong>&nbsp; Bình Dương,Long An, Tây Ninh, Bình Thuận, Nha Trang,Phan Thiết,Bến Tre, An Giang,Vũng Tàu, Đồng Tháp, Bình Phước,Cà Mau, Cần Thơ, Sóc Trăng.\r\n</p>\r\n\r\n<p>\r\n	Thép Khánh Nam&nbsp;sẵn sàng đáp ứng mọi nhu cầu của khách hàng !\r\n</p>\r\n\r\n<h3>\r\n	Chúng tôi có xe lớn, xe nhỏ cùng đội ngũ nhân viên trẻ, nhiệt tình&nbsp;sẵn sàng&nbsp;giao hàng tới tận công trình.\r\n</h3>\r\n\r\n<p>\r\n	&nbsp;\r\n</p>\r\n\r\n<p>\r\n	- Giao hàng miễn phí các quận tại Tp. Hồ Chí Minh\r\n</p>', '<p>\r\n	Thép Hộp Chữ Nhật Đen - Đại Lý Thép Hộp Chữ Nhật Đen Giá Rẻ\r\n</p>', NULL, 'Thép Hộp Chữ Nhật Đen - Đại Lý Thép Hộp Chữ Nhật Đen Giá Rẻ', 'Thép Hộp Chữ Nhật Đen - Đại Lý Thép Hộp Chữ Nhật Đen Giá Rẻ', 'Thép Hộp Chữ Nhật Đen,Đại Lý Thép Hộp Chữ Nhật Đen Giá Rẻ', '0', 0, '0', 1, 1, 6, '2018-03-28 03:28:13', '2018-03-28 04:18:14'),
(69, 'Thép Hộp Vuông Đen 25x25 Giá Rẻ, Chính Hãng', 'thep-hop-vuong-den-25x25-gia-re-chinh-hang', 1, 'images/uploads/images/sanpham/thep_hop_3.jpg', '<p>\r\n	<strong>Với hệ thống kho hàng rải khắp các quận tại Hồ&nbsp;Chí&nbsp;Minh và các tỉnh lận cận&nbsp;:</strong>&nbsp; Bình Dương,Long An, Tây Ninh, Bình Thuận, Nha Trang,Phan Thiết,Bến Tre, An Giang,Vũng Tàu, Đồng Tháp, Bình Phước,Cà Mau, Cần Thơ, Sóc Trăng.\r\n</p>\r\n\r\n<p>\r\n	Thép Khánh Nam&nbsp;sẵn sàng đáp ứng mọi nhu cầu của khách hàng !\r\n</p>\r\n\r\n<h3>\r\n	Chúng tôi có xe lớn, xe nhỏ cùng đội ngũ nhân viên trẻ, nhiệt tình&nbsp;sẵn sàng&nbsp;giao hàng tới tận công trình.\r\n</h3>\r\n\r\n<p>\r\n	&nbsp;\r\n</p>\r\n\r\n<p>\r\n	- Giao hàng miễn phí các quận tại Tp. Hồ Chí Minh\r\n</p>', '<p>\r\n	Thép Hộp Vuông Đen 25x25 Giá Rẻ, Chính Hãng\r\n</p>', NULL, 'Thép Hộp Vuông Đen 25x25 Giá Rẻ, Chính Hãng', 'Thép Hộp Vuông Đen 25x25 Giá Rẻ, Chính Hãng', 'Thép Hộp Vuông Đen 25x25 Giá Rẻ Chính Hãng', '0', 0, '0', 1, 1, 6, '2018-03-28 03:28:13', '2018-03-28 04:21:05'),
(70, 'Thép Hộp Chữ Nhật Đen 25x50 Giá Rẻ, Chính Hãng', 'thep-hop-chu-nhat-den-25x50-gia-re-chinh-hang', 1, 'images/uploads/images/sanpham/thep_hop_6.jpg', '<p>\r\n	<strong>Với hệ thống kho hàng rải khắp các quận tại Hồ&nbsp;Chí&nbsp;Minh và các tỉnh lận cận&nbsp;:</strong>&nbsp; Bình Dương,Long An, Tây Ninh, Bình Thuận, Nha Trang,Phan Thiết,Bến Tre, An Giang,Vũng Tàu, Đồng Tháp, Bình Phước,Cà Mau, Cần Thơ, Sóc Trăng.\r\n</p>\r\n\r\n<p>\r\n	Thép Khánh Nam&nbsp;sẵn sàng đáp ứng mọi nhu cầu của khách hàng !\r\n</p>\r\n\r\n<h3>\r\n	Chúng tôi có xe lớn, xe nhỏ cùng đội ngũ nhân viên trẻ, nhiệt tình&nbsp;sẵn sàng&nbsp;giao hàng tới tận công trình.\r\n</h3>\r\n\r\n<p>\r\n	&nbsp;\r\n</p>\r\n\r\n<p>\r\n	- Giao hàng miễn phí các quận tại Tp. Hồ Chí Minh\r\n</p>', '<p>\r\n	Thép Hộp Chữ Nhật Đen 25x50 Giá Rẻ, Chính Hãng\r\n</p>', NULL, 'Thép Hộp Chữ Nhật Đen 25x50 Giá Rẻ, Chính Hãng', 'Thép Hộp Chữ Nhật Đen 25x50 Giá Rẻ, Chính Hãng', 'Thép Hộp Chữ Nhật Đen 25x50 Giá Rẻ Chính Hãng', '0', 0, '0', 1, 1, 6, '2018-03-28 03:28:13', '2018-03-28 04:20:36'),
(71, 'Thép Hộp Chữ Nhật Đen 60x120 Giá Rẻ, Chính Hãng', 'thep-hop-chu-nhat-den-60x120-gia-re-chinh-hang', 1, 'images/uploads/images/sanpham/thep_hop_5.jpg', '<p>\r\n	<strong>Với hệ thống kho hàng rải khắp các quận tại Hồ&nbsp;Chí&nbsp;Minh và các tỉnh lận cận&nbsp;:</strong>&nbsp; Bình Dương,Long An, Tây Ninh, Bình Thuận, Nha Trang,Phan Thiết,Bến Tre, An Giang,Vũng Tàu, Đồng Tháp, Bình Phước,Cà Mau, Cần Thơ, Sóc Trăng.\r\n</p>\r\n\r\n<p>\r\n	Thép Khánh Nam&nbsp;sẵn sàng đáp ứng mọi nhu cầu của khách hàng !\r\n</p>\r\n\r\n<h3>\r\n	Chúng tôi có xe lớn, xe nhỏ cùng đội ngũ nhân viên trẻ, nhiệt tình&nbsp;sẵn sàng&nbsp;giao hàng tới tận công trình.\r\n</h3>\r\n\r\n<p>\r\n	&nbsp;\r\n</p>\r\n\r\n<p>\r\n	- Giao hàng miễn phí các quận tại Tp. Hồ Chí Minh\r\n</p>', '<p>\r\n	Thép Hộp Chữ Nhật Đen 60x120 Giá Rẻ, Chính Hãng\r\n</p>', NULL, 'Thép Hộp Chữ Nhật Đen 60x120 Giá Rẻ, Chính Hãng', 'Thép Hộp Chữ Nhật Đen 60x120 Giá Rẻ, Chính Hãng', 'Thép Hộp Chữ Nhật Đen 60x120 Giá Rẻ Chính Hãng', '0', 0, '0', 1, 1, 6, '2018-03-28 03:28:13', '2018-03-28 04:20:07'),
(72, 'Thép Hộp Mạ Kẽm - Đại Lý Thép Hộp Mạ Kẽm Giá Rẻ', 'thep-hop-ma-kem-dai-ly-thep-hop-ma-kem-gia-re', 1, 'images/uploads/images/sanpham/thep_hop_1.jpg', '<p>\r\n	<strong>Với hệ thống kho hàng rải khắp các quận tại Hồ&nbsp;Chí&nbsp;Minh và các tỉnh lận cận&nbsp;:</strong>&nbsp; Bình Dương,Long An, Tây Ninh, Bình Thuận, Nha Trang,Phan Thiết,Bến Tre, An Giang,Vũng Tàu, Đồng Tháp, Bình Phước,Cà Mau, Cần Thơ, Sóc Trăng.\r\n</p>\r\n\r\n<p>\r\n	Thép Khánh Nam&nbsp;sẵn sàng đáp ứng mọi nhu cầu của khách hàng !\r\n</p>\r\n\r\n<h3>\r\n	Chúng tôi có xe lớn, xe nhỏ cùng đội ngũ nhân viên trẻ, nhiệt tình&nbsp;sẵn sàng&nbsp;giao hàng tới tận công trình.\r\n</h3>\r\n\r\n<p>\r\n	&nbsp;\r\n</p>\r\n\r\n<p>\r\n	- Giao hàng miễn phí các quận tại Tp. Hồ Chí Minh\r\n</p>', '<p>\r\n	Thép Hộp Mạ Kẽm - Đại Lý Thép Hộp Mạ Kẽm Giá Rẻ\r\n</p>', NULL, 'Thép Hộp Mạ Kẽm - Đại Lý Thép Hộp Mạ Kẽm Giá Rẻ', 'Thép Hộp Mạ Kẽm - Đại Lý Thép Hộp Mạ Kẽm Giá Rẻ', 'Thép Hộp Mạ Kẽm,Đại Lý Thép Hộp Mạ Kẽm Giá Rẻ', '0', 0, '0', 1, 1, 6, '2018-03-28 03:28:13', '2018-03-28 04:19:34'),
(73, 'Thép Hộp Chữ Nhật Đen 50x100 Giá Rẻ', 'thep-hop-chu-nhat-den-50x100-gia-re', 1, 'images/uploads/images/sanpham/thep_hop_3.jpg', '<p>\r\n	<strong>Với hệ thống kho hàng rải khắp các quận tại Hồ&nbsp;Chí&nbsp;Minh và các tỉnh lận cận&nbsp;:</strong>&nbsp; Bình Dương,Long An, Tây Ninh, Bình Thuận, Nha Trang,Phan Thiết,Bến Tre, An Giang,Vũng Tàu, Đồng Tháp, Bình Phước,Cà Mau, Cần Thơ, Sóc Trăng.\r\n</p>\r\n\r\n<p>\r\n	Thép Khánh Nam&nbsp;sẵn sàng đáp ứng mọi nhu cầu của khách hàng !\r\n</p>\r\n\r\n<h3>\r\n	Chúng tôi có xe lớn, xe nhỏ cùng đội ngũ nhân viên trẻ, nhiệt tình&nbsp;sẵn sàng&nbsp;giao hàng tới tận công trình.\r\n</h3>\r\n\r\n<p>\r\n	&nbsp;\r\n</p>\r\n\r\n<p>\r\n	- Giao hàng miễn phí các quận tại Tp. Hồ Chí Minh\r\n</p>', '<p>\r\n	Thép Hộp Chữ Nhật Đen 50x100 Giá Rẻ\r\n</p>', NULL, 'Thép Hộp Chữ Nhật Đen 50x100 Giá Rẻ', 'Thép Hộp Chữ Nhật Đen 50x100 Giá Rẻ', 'Thép Hộp Chữ Nhật Đen 50x100 Giá Rẻ', '0', 0, '0', 1, 1, 6, '2018-03-28 03:28:13', '2018-03-28 04:23:10'),
(74, 'Thép Hộp Đen - Đại Lý Cung Cấp Thép Hộp Đen Giá Rẻ', 'thep-hop-den-dai-ly-cung-cap-thep-hop-den-gia-re', 1, 'images/uploads/images/sanpham/thep_hop_8.jpg', '<p>\r\n	<strong>Với hệ thống kho hàng rải khắp các quận tại Hồ&nbsp;Chí&nbsp;Minh và các tỉnh lận cận&nbsp;:</strong>&nbsp; Bình Dương,Long An, Tây Ninh, Bình Thuận, Nha Trang,Phan Thiết,Bến Tre, An Giang,Vũng Tàu, Đồng Tháp, Bình Phước,Cà Mau, Cần Thơ, Sóc Trăng.\r\n</p>\r\n\r\n<p>\r\n	Thép Khánh Nam&nbsp;sẵn sàng đáp ứng mọi nhu cầu của khách hàng !\r\n</p>\r\n\r\n<h3>\r\n	Chúng tôi có xe lớn, xe nhỏ cùng đội ngũ nhân viên trẻ, nhiệt tình&nbsp;sẵn sàng&nbsp;giao hàng tới tận công trình.\r\n</h3>\r\n\r\n<p>\r\n	&nbsp;\r\n</p>\r\n\r\n<p>\r\n	- Giao hàng miễn phí các quận tại Tp. Hồ Chí Minh\r\n</p>', '<p>\r\n	Thép Hộp Đen - Đại Lý Cung Cấp Thép Hộp Đen Giá Rẻ\r\n</p>', NULL, 'Thép Hộp Đen - Đại Lý Cung Cấp Thép Hộp Đen Giá Rẻ', 'Thép Hộp Đen - Đại Lý Cung Cấp Thép Hộp Đen Giá Rẻ', 'Thép Hộp Đen,Đại Lý Cung Cấp Thép Hộp Đen Giá Rẻ', '0', 0, '0', 1, 1, 6, '2018-03-28 03:28:13', '2018-03-28 04:22:46'),
(75, 'Thép Hộp Vuông Mạ Kẽm 16X16 Giá Rẻ', 'thep-hop-vuong-ma-kem-16x16-gia-re', 1, 'images/uploads/images/sanpham/thep_hop_7.jpg', '<p>\r\n	<strong>Với hệ thống kho hàng rải khắp các quận tại Hồ&nbsp;Chí&nbsp;Minh và các tỉnh lận cận&nbsp;:</strong>&nbsp; Bình Dương,Long An, Tây Ninh, Bình Thuận, Nha Trang,Phan Thiết,Bến Tre, An Giang,Vũng Tàu, Đồng Tháp, Bình Phước,Cà Mau, Cần Thơ, Sóc Trăng.\r\n</p>\r\n\r\n<p>\r\n	Thép Khánh Nam&nbsp;sẵn sàng đáp ứng mọi nhu cầu của khách hàng !\r\n</p>\r\n\r\n<h3>\r\n	Chúng tôi có xe lớn, xe nhỏ cùng đội ngũ nhân viên trẻ, nhiệt tình&nbsp;sẵn sàng&nbsp;giao hàng tới tận công trình.\r\n</h3>\r\n\r\n<p>\r\n	&nbsp;\r\n</p>\r\n\r\n<p>\r\n	- Giao hàng miễn phí các quận tại Tp. Hồ Chí Minh\r\n</p>', '<p>\r\n	Thép Hộp Vuông Mạ Kẽm 16X16 Giá Rẻ\r\n</p>', NULL, 'Thép Hộp Vuông Mạ Kẽm 16X16 Giá Rẻ', 'Thép Hộp Vuông Mạ Kẽm 16X16 Giá Rẻ', 'Thép Hộp Vuông Mạ Kẽm 16X16 Giá Rẻ', '0', 0, '0', 1, 1, 6, '2018-03-28 03:28:13', '2018-03-28 04:22:14'),
(76, 'Thép Hộp Vuông Mạ Kẽm 50x50 Giá Rẻ, Chính Hãng', 'thep-hop-vuong-ma-kem-50x50-gia-re-chinh-hang', 1, 'images/uploads/images/sanpham/thep_hop_7.jpg', '<p>\r\n	<strong>Với hệ thống kho hàng rải khắp các quận tại Hồ&nbsp;Chí&nbsp;Minh và các tỉnh lận cận&nbsp;:</strong>&nbsp; Bình Dương,Long An, Tây Ninh, Bình Thuận, Nha Trang,Phan Thiết,Bến Tre, An Giang,Vũng Tàu, Đồng Tháp, Bình Phước,Cà Mau, Cần Thơ, Sóc Trăng.\r\n</p>\r\n\r\n<p>\r\n	Thép Khánh Nam&nbsp;sẵn sàng đáp ứng mọi nhu cầu của khách hàng !\r\n</p>\r\n\r\n<h3>\r\n	Chúng tôi có xe lớn, xe nhỏ cùng đội ngũ nhân viên trẻ, nhiệt tình&nbsp;sẵn sàng&nbsp;giao hàng tới tận công trình.\r\n</h3>\r\n\r\n<p>\r\n	&nbsp;\r\n</p>\r\n\r\n<p>\r\n	- Giao hàng miễn phí các quận tại Tp. Hồ Chí Minh\r\n</p>', '<p>\r\n	Thép Hộp Vuông Mạ Kẽm 50x50 Giá Rẻ, Chính Hãng\r\n</p>', NULL, 'Thép Hộp Vuông Mạ Kẽm 50x50 Giá Rẻ, Chính Hãng', 'Thép Hộp Vuông Mạ Kẽm 50x50 Giá Rẻ, Chính Hãng', 'Thép Hộp Vuông Mạ Kẽm 50x50 Giá Rẻ Chính Hãng', '0', 0, '0', 1, 1, 6, '2018-03-28 03:28:13', '2018-03-28 04:21:51'),
(77, 'Thép Hộp Chữ Nhật Đen 13x36 Giá Rẻ, Chính Hãng', 'thep-hop-chu-nhat-den-13x36-gia-re-chinh-hang', 1, 'images/uploads/images/sanpham/thep_hop_9.jpg', '<p>\r\n	<strong>Với hệ thống kho hàng rải khắp các quận tại Hồ&nbsp;Chí&nbsp;Minh và các tỉnh lận cận&nbsp;:</strong>&nbsp; Bình Dương,Long An, Tây Ninh, Bình Thuận, Nha Trang,Phan Thiết,Bến Tre, An Giang,Vũng Tàu, Đồng Tháp, Bình Phước,Cà Mau, Cần Thơ, Sóc Trăng.\r\n</p>\r\n\r\n<p>\r\n	Thép Khánh Nam&nbsp;sẵn sàng đáp ứng mọi nhu cầu của khách hàng !\r\n</p>\r\n\r\n<h3>\r\n	Chúng tôi có xe lớn, xe nhỏ cùng đội ngũ nhân viên trẻ, nhiệt tình&nbsp;sẵn sàng&nbsp;giao hàng tới tận công trình.\r\n</h3>\r\n\r\n<p>\r\n	&nbsp;\r\n</p>\r\n\r\n<p>\r\n	- Giao hàng miễn phí các quận tại Tp. Hồ Chí Minh\r\n</p>', '<p>\r\n	Thép Hộp Chữ Nhật Đen 13x36 Giá Rẻ, Chính Hãng\r\n</p>', NULL, 'Thép Hộp Chữ Nhật Đen 13x36 Giá Rẻ, Chính Hãng', 'Thép Hộp Chữ Nhật Đen 13x36 Giá Rẻ, Chính Hãng', 'Thép Hộp Chữ Nhật Đen 13x36 Giá Rẻ Chính Hãng', '0', 0, '0', 1, 1, 6, '2018-03-28 03:28:13', '2018-03-28 04:25:26'),
(78, 'Thép Hộp Chữ Nhật Đen 20x40 Giá Rẻ, Chính Hãng', 'thep-hop-chu-nhat-den-20x40-gia-re-chinh-hang', 1, 'images/uploads/images/sanpham/thep_hop_5.jpg', '<p>\r\n	<strong>Với hệ thống kho hàng rải khắp các quận tại Hồ&nbsp;Chí&nbsp;Minh và các tỉnh lận cận&nbsp;:</strong>&nbsp; Bình Dương,Long An, Tây Ninh, Bình Thuận, Nha Trang,Phan Thiết,Bến Tre, An Giang,Vũng Tàu, Đồng Tháp, Bình Phước,Cà Mau, Cần Thơ, Sóc Trăng.\r\n</p>\r\n\r\n<p>\r\n	Thép Khánh Nam&nbsp;sẵn sàng đáp ứng mọi nhu cầu của khách hàng !\r\n</p>\r\n\r\n<h3>\r\n	Chúng tôi có xe lớn, xe nhỏ cùng đội ngũ nhân viên trẻ, nhiệt tình&nbsp;sẵn sàng&nbsp;giao hàng tới tận công trình.\r\n</h3>\r\n\r\n<p>\r\n	&nbsp;\r\n</p>\r\n\r\n<p>\r\n	- Giao hàng miễn phí các quận tại Tp. Hồ Chí Minh\r\n</p>', '<p>\r\n	Thép Hộp Chữ Nhật Đen 20x40 Giá Rẻ, Chính Hãng\r\n</p>', NULL, 'Thép Hộp Chữ Nhật Đen 20x40 Giá Rẻ, Chính Hãng', 'Thép Hộp Chữ Nhật Đen 20x40 Giá Rẻ, Chính Hãng', 'Thép Hộp Chữ Nhật Đen 20x40 Giá Rẻ Chính Hãng', '0', 0, '0', 1, 1, 6, '2018-03-28 03:28:13', '2018-03-28 04:25:01'),
(79, 'Thép Hộp Chữ Nhật Đen 30x60 Giá Rẻ, Chính Hãng', 'thep-hop-chu-nhat-den-30x60-gia-re-chinh-hang', 1, 'images/uploads/images/sanpham/thep_hop_9.jpg', '<p>\r\n	<strong>Với hệ thống kho hàng rải khắp các quận tại Hồ&nbsp;Chí&nbsp;Minh và các tỉnh lận cận&nbsp;:</strong>&nbsp; Bình Dương,Long An, Tây Ninh, Bình Thuận, Nha Trang,Phan Thiết,Bến Tre, An Giang,Vũng Tàu, Đồng Tháp, Bình Phước,Cà Mau, Cần Thơ, Sóc Trăng.\r\n</p>\r\n\r\n<p>\r\n	Thép Khánh Nam&nbsp;sẵn sàng đáp ứng mọi nhu cầu của khách hàng !\r\n</p>\r\n\r\n<h3>\r\n	Chúng tôi có xe lớn, xe nhỏ cùng đội ngũ nhân viên trẻ, nhiệt tình&nbsp;sẵn sàng&nbsp;giao hàng tới tận công trình.\r\n</h3>\r\n\r\n<p>\r\n	&nbsp;\r\n</p>\r\n\r\n<p>\r\n	- Giao hàng miễn phí các quận tại Tp. Hồ Chí Minh\r\n</p>', '<p>\r\n	Thép Hộp Chữ Nhật Đen 30x60 Giá Rẻ, Chính Hãng\r\n</p>', NULL, 'Thép Hộp Chữ Nhật Đen 30x60 Giá Rẻ, Chính Hãng', 'Thép Hộp Chữ Nhật Đen 30x60 Giá Rẻ, Chính Hãng', 'Thép Hộp Chữ Nhật Đen 30x60 Giá Rẻ Chính Hãng', '0', 0, '0', 1, 1, 6, '2018-03-28 03:28:13', '2018-03-28 04:24:16'),
(80, 'Thép Hộp Chữ Nhật Đen 40x80 Giá Rẻ, Chính Hãng', 'thep-hop-chu-nhat-den-40x80-gia-re-chinh-hang', 1, 'images/uploads/images/sanpham/thep_hop_6.jpg', '<p>\r\n	<strong>Với hệ thống kho hàng rải khắp các quận tại Hồ&nbsp;Chí&nbsp;Minh và các tỉnh lận cận&nbsp;:</strong>&nbsp; Bình Dương,Long An, Tây Ninh, Bình Thuận, Nha Trang,Phan Thiết,Bến Tre, An Giang,Vũng Tàu, Đồng Tháp, Bình Phước,Cà Mau, Cần Thơ, Sóc Trăng.\r\n</p>\r\n\r\n<p>\r\n	Thép Khánh Nam&nbsp;sẵn sàng đáp ứng mọi nhu cầu của khách hàng !\r\n</p>\r\n\r\n<h3>\r\n	Chúng tôi có xe lớn, xe nhỏ cùng đội ngũ nhân viên trẻ, nhiệt tình&nbsp;sẵn sàng&nbsp;giao hàng tới tận công trình.\r\n</h3>\r\n\r\n<p>\r\n	&nbsp;\r\n</p>\r\n\r\n<p>\r\n	- Giao hàng miễn phí các quận tại Tp. Hồ Chí Minh\r\n</p>', '<p>\r\n	Thép Hộp Chữ Nhật Đen 40x80 Giá Rẻ, Chính Hãng\r\n</p>', NULL, 'Thép Hộp Chữ Nhật Đen 40x80 Giá Rẻ, Chính Hãng', 'Thép Hộp Chữ Nhật Đen 40x80 Giá Rẻ, Chính Hãng', 'Thép Hộp Chữ Nhật Đen 40x80 Giá Rẻ Chính Hãng', '0', 0, '0', 1, 1, 6, '2018-03-28 03:28:13', '2018-03-28 04:23:50'),
(81, 'Thép Hộp Vuông Đen 50x50 Giá Rẻ, Cao Cấp', 'thep-hop-vuong-den-50x50-gia-re-cao-cap', 1, 'images/uploads/images/sanpham/thep_hop_3.jpg', '<p>\r\n	<strong>Với hệ thống kho hàng rải khắp các quận tại Hồ&nbsp;Chí&nbsp;Minh và các tỉnh lận cận&nbsp;:</strong>&nbsp; Bình Dương,Long An, Tây Ninh, Bình Thuận, Nha Trang,Phan Thiết,Bến Tre, An Giang,Vũng Tàu, Đồng Tháp, Bình Phước,Cà Mau, Cần Thơ, Sóc Trăng.\r\n</p>\r\n\r\n<p>\r\n	Thép Khánh Nam&nbsp;sẵn sàng đáp ứng mọi nhu cầu của khách hàng !\r\n</p>\r\n\r\n<h3>\r\n	Chúng tôi có xe lớn, xe nhỏ cùng đội ngũ nhân viên trẻ, nhiệt tình&nbsp;sẵn sàng&nbsp;giao hàng tới tận công trình.\r\n</h3>\r\n\r\n<p>\r\n	&nbsp;\r\n</p>\r\n\r\n<p>\r\n	- Giao hàng miễn phí các quận tại Tp. Hồ Chí Minh\r\n</p>', '<p>\r\n	Thép Hộp Vuông Đen 50x50 Giá Rẻ, Cao Cấp\r\n</p>', NULL, 'Thép Hộp Vuông Đen 50x50 Giá Rẻ, Cao Cấp', 'Thép Hộp Vuông Đen 50x50 Giá Rẻ, Cao Cấp', 'Thép Hộp Vuông Đen 50x50 Giá Rẻ Cao Cấp', '0', 0, '0', 1, 1, 6, '2018-03-28 03:28:13', '2018-03-28 04:27:27'),
(82, 'Thép Hộp Chữ Nhật Mạ Kẽm 25x50 Giá Rẻ', 'thep-hop-chu-nhat-ma-kem-25x50-gia-re', 1, 'images/uploads/images/sanpham/thep_hop_7.jpg', '<p>\r\n	<strong>Với hệ thống kho hàng rải khắp các quận tại Hồ&nbsp;Chí&nbsp;Minh và các tỉnh lận cận&nbsp;:</strong>&nbsp; Bình Dương,Long An, Tây Ninh, Bình Thuận, Nha Trang,Phan Thiết,Bến Tre, An Giang,Vũng Tàu, Đồng Tháp, Bình Phước,Cà Mau, Cần Thơ, Sóc Trăng.\r\n</p>\r\n\r\n<p>\r\n	Thép Khánh Nam&nbsp;sẵn sàng đáp ứng mọi nhu cầu của khách hàng !\r\n</p>\r\n\r\n<h3>\r\n	Chúng tôi có xe lớn, xe nhỏ cùng đội ngũ nhân viên trẻ, nhiệt tình&nbsp;sẵn sàng&nbsp;giao hàng tới tận công trình.\r\n</h3>\r\n\r\n<p>\r\n	&nbsp;\r\n</p>\r\n\r\n<p>\r\n	- Giao hàng miễn phí các quận tại Tp. Hồ Chí Minh\r\n</p>', '<p>\r\n	Thép Hộp Chữ Nhật Mạ Kẽm 25x50 Giá Rẻ\r\n</p>', NULL, 'Thép Hộp Chữ Nhật Mạ Kẽm 25x50 Giá Rẻ', 'Thép Hộp Chữ Nhật Mạ Kẽm 25x50 Giá Rẻ', 'Thép Hộp Chữ Nhật Mạ Kẽm 25x50 Giá Rẻ', '0', 0, '0', 1, 1, 6, '2018-03-28 03:28:13', '2018-03-28 04:27:04'),
(83, 'Thép Hộp Chữ Nhật Mạ Kẽm 40x80 Giá Rẻ, Chính Hãng', 'thep-hop-chu-nhat-ma-kem-40x80-gia-re-chinh-hang', 1, 'images/uploads/images/sanpham/thep_hop_5.jpg', '<p>\r\n	<strong>Với hệ thống kho hàng rải khắp các quận tại Hồ&nbsp;Chí&nbsp;Minh và các tỉnh lận cận&nbsp;:</strong>&nbsp; Bình Dương,Long An, Tây Ninh, Bình Thuận, Nha Trang,Phan Thiết,Bến Tre, An Giang,Vũng Tàu, Đồng Tháp, Bình Phước,Cà Mau, Cần Thơ, Sóc Trăng.\r\n</p>\r\n\r\n<p>\r\n	Thép Khánh Nam&nbsp;sẵn sàng đáp ứng mọi nhu cầu của khách hàng !\r\n</p>\r\n\r\n<h3>\r\n	Chúng tôi có xe lớn, xe nhỏ cùng đội ngũ nhân viên trẻ, nhiệt tình&nbsp;sẵn sàng&nbsp;giao hàng tới tận công trình.\r\n</h3>\r\n\r\n<p>\r\n	&nbsp;\r\n</p>\r\n\r\n<p>\r\n	- Giao hàng miễn phí các quận tại Tp. Hồ Chí Minh\r\n</p>', '<p>\r\n	Thép Hộp Chữ Nhật Mạ Kẽm 40x80 Giá Rẻ, Chính Hãng\r\n</p>', NULL, 'Thép Hộp Chữ Nhật Mạ Kẽm 40x80 Giá Rẻ, Chính Hãng', 'Thép Hộp Chữ Nhật Mạ Kẽm 40x80 Giá Rẻ, Chính Hãng', 'Thép Hộp Chữ Nhật Mạ Kẽm 40x80 Giá Rẻ Chính Hãng', '0', 0, '0', 1, 1, 6, '2018-03-28 03:28:13', '2018-03-28 04:26:35'),
(84, 'Thép Hộp Chữ Nhật Mạ Kẽm 60X120 Giá Rẻ', 'thep-hop-chu-nhat-ma-kem-60x120-gia-re', 1, 'images/uploads/images/sanpham/thep_hop_5.jpg', '<p>\r\n	<strong>Với hệ thống kho hàng rải khắp các quận tại Hồ&nbsp;Chí&nbsp;Minh và các tỉnh lận cận&nbsp;:</strong>&nbsp; Bình Dương,Long An, Tây Ninh, Bình Thuận, Nha Trang,Phan Thiết,Bến Tre, An Giang,Vũng Tàu, Đồng Tháp, Bình Phước,Cà Mau, Cần Thơ, Sóc Trăng.\r\n</p>\r\n\r\n<p>\r\n	Thép Khánh Nam&nbsp;sẵn sàng đáp ứng mọi nhu cầu của khách hàng !\r\n</p>\r\n\r\n<h3>\r\n	Chúng tôi có xe lớn, xe nhỏ cùng đội ngũ nhân viên trẻ, nhiệt tình&nbsp;sẵn sàng&nbsp;giao hàng tới tận công trình.\r\n</h3>\r\n\r\n<p>\r\n	&nbsp;\r\n</p>\r\n\r\n<p>\r\n	- Giao hàng miễn phí các quận tại Tp. Hồ Chí Minh\r\n</p>', '<p>\r\n	Thép Hộp Chữ Nhật Mạ Kẽm 60X120 Giá Rẻ\r\n</p>', NULL, 'Thép Hộp Chữ Nhật Mạ Kẽm 60X120 Giá Rẻ', 'Thép Hộp Chữ Nhật Mạ Kẽm 60X120 Giá Rẻ', 'Thép Hộp Chữ Nhật Mạ Kẽm 60X120 Giá Rẻ', '0', 0, '0', 1, 1, 6, '2018-03-28 03:28:13', '2018-03-28 04:26:09'),
(85, 'Thép Hộp Vuông Đen 16x16 Giá Rẻ, Chính Hãng', 'thep-hop-vuong-den-16x16-gia-re-chinh-hang', 1, 'images/uploads/images/sanpham/thep_hop_6.jpg', '<p>\r\n	<strong>Với hệ thống kho hàng rải khắp các quận tại Hồ&nbsp;Chí&nbsp;Minh và các tỉnh lận cận&nbsp;:</strong>&nbsp; Bình Dương,Long An, Tây Ninh, Bình Thuận, Nha Trang,Phan Thiết,Bến Tre, An Giang,Vũng Tàu, Đồng Tháp, Bình Phước,Cà Mau, Cần Thơ, Sóc Trăng.\r\n</p>\r\n\r\n<p>\r\n	Thép Khánh Nam&nbsp;sẵn sàng đáp ứng mọi nhu cầu của khách hàng !\r\n</p>\r\n\r\n<h3>\r\n	Chúng tôi có xe lớn, xe nhỏ cùng đội ngũ nhân viên trẻ, nhiệt tình&nbsp;sẵn sàng&nbsp;giao hàng tới tận công trình.\r\n</h3>\r\n\r\n<p>\r\n	&nbsp;\r\n</p>\r\n\r\n<p>\r\n	- Giao hàng miễn phí các quận tại Tp. Hồ Chí Minh\r\n</p>', '<p>\r\n	Thép Hộp Vuông Đen 16x16 Giá Rẻ, Chính Hãng\r\n</p>', NULL, 'Thép Hộp Vuông Đen 16x16 Giá Rẻ, Chính Hãng', 'Thép Hộp Vuông Đen 16x16 Giá Rẻ, Chính Hãng', 'Thép Hộp Vuông Đen 16x16 Giá Rẻ Chính Hãng', '0', 0, '0', 1, 1, 6, '2018-03-28 03:28:13', '2018-03-28 04:29:54'),
(86, 'Thép Hộp Vuông Đen 20x20 Giá Rẻ, Chính Hãng', 'thep-hop-vuong-den-20x20-gia-re-chinh-hang', 1, 'images/uploads/images/sanpham/thep_hop_10.jpg', '<p>\r\n	<strong>Với hệ thống kho hàng rải khắp các quận tại Hồ&nbsp;Chí&nbsp;Minh và các tỉnh lận cận&nbsp;:</strong>&nbsp; Bình Dương,Long An, Tây Ninh, Bình Thuận, Nha Trang,Phan Thiết,Bến Tre, An Giang,Vũng Tàu, Đồng Tháp, Bình Phước,Cà Mau, Cần Thơ, Sóc Trăng.\r\n</p>\r\n\r\n<p>\r\n	Thép Khánh Nam&nbsp;sẵn sàng đáp ứng mọi nhu cầu của khách hàng !\r\n</p>\r\n\r\n<h3>\r\n	Chúng tôi có xe lớn, xe nhỏ cùng đội ngũ nhân viên trẻ, nhiệt tình&nbsp;sẵn sàng&nbsp;giao hàng tới tận công trình.\r\n</h3>\r\n\r\n<p>\r\n	&nbsp;\r\n</p>\r\n\r\n<p>\r\n	- Giao hàng miễn phí các quận tại Tp. Hồ Chí Minh\r\n</p>', '<p>\r\n	Thép Hộp Vuông Đen 20x20 Giá Rẻ, Chính Hãng\r\n</p>', NULL, 'Thép Hộp Vuông Đen 20x20 Giá Rẻ, Chính Hãng', 'Thép Hộp Vuông Đen 20x20 Giá Rẻ, Chính Hãng', 'Thép Hộp Vuông Đen 20x20 Giá Rẻ Chính Hãng', '0', 0, '0', 1, 1, 6, '2018-03-28 03:28:13', '2018-03-28 04:29:10'),
(87, 'Thép Hộp Vuông Đen 30x30 Giá Rẻ, Chính Hãng', 'thep-hop-vuong-den-30x30-gia-re-chinh-hang', 1, 'images/uploads/images/sanpham/thep_hop_4.jpg', '<p>\r\n	<strong>Với hệ thống kho hàng rải khắp các quận tại Hồ&nbsp;Chí&nbsp;Minh và các tỉnh lận cận&nbsp;:</strong>&nbsp; Bình Dương,Long An, Tây Ninh, Bình Thuận, Nha Trang,Phan Thiết,Bến Tre, An Giang,Vũng Tàu, Đồng Tháp, Bình Phước,Cà Mau, Cần Thơ, Sóc Trăng.\r\n</p>\r\n\r\n<p>\r\n	Thép Khánh Nam&nbsp;sẵn sàng đáp ứng mọi nhu cầu của khách hàng !\r\n</p>\r\n\r\n<h3>\r\n	Chúng tôi có xe lớn, xe nhỏ cùng đội ngũ nhân viên trẻ, nhiệt tình&nbsp;sẵn sàng&nbsp;giao hàng tới tận công trình.\r\n</h3>\r\n\r\n<p>\r\n	&nbsp;\r\n</p>\r\n\r\n<p>\r\n	- Giao hàng miễn phí các quận tại Tp. Hồ Chí Minh\r\n</p>', '<p>\r\n	Thép Hộp Vuông Đen 30x30 Giá Rẻ, Chính Hãng\r\n</p>', NULL, 'Thép Hộp Vuông Đen 30x30 Giá Rẻ, Chính Hãng', 'Thép Hộp Vuông Đen 30x30 Giá Rẻ, Chính Hãng', 'Thép Hộp Vuông Đen 30x30 Giá Rẻ Chính Hãng', '0', 0, '0', 1, 1, 6, '2018-03-28 03:28:13', '2018-03-28 04:28:36'),
(88, 'Thép Hộp Vuông Đen 40x40 Giá Rẻ, Chính Hãng', 'thep-hop-vuong-den-40x40-gia-re-chinh-hang', 1, 'images/uploads/images/sanpham/thep_hop_10.jpg', '<p>\r\n	<strong>Với hệ thống kho hàng rải khắp các quận tại Hồ&nbsp;Chí&nbsp;Minh và các tỉnh lận cận&nbsp;:</strong>&nbsp; Bình Dương,Long An, Tây Ninh, Bình Thuận, Nha Trang,Phan Thiết,Bến Tre, An Giang,Vũng Tàu, Đồng Tháp, Bình Phước,Cà Mau, Cần Thơ, Sóc Trăng.\r\n</p>\r\n\r\n<p>\r\n	Thép Khánh Nam&nbsp;sẵn sàng đáp ứng mọi nhu cầu của khách hàng !\r\n</p>\r\n\r\n<h3>\r\n	Chúng tôi có xe lớn, xe nhỏ cùng đội ngũ nhân viên trẻ, nhiệt tình&nbsp;sẵn sàng&nbsp;giao hàng tới tận công trình.\r\n</h3>\r\n\r\n<p>\r\n	&nbsp;\r\n</p>\r\n\r\n<p>\r\n	- Giao hàng miễn phí các quận tại Tp. Hồ Chí Minh\r\n</p>', '<p>\r\n	Thép Hộp Vuông Đen 40x40 Giá Rẻ, Chính Hãng\r\n</p>', NULL, 'Thép Hộp Vuông Đen 40x40 Giá Rẻ, Chính Hãng', 'Thép Hộp Vuông Đen 40x40 Giá Rẻ, Chính Hãng', 'Thép Hộp Vuông Đen 40x40 Giá Rẻ Chính Hãng', '0', 0, '0', 1, 1, 6, '2018-03-28 03:28:13', '2018-03-28 04:28:10'),
(89, 'Thép Hộp Vuông Mạ Kẽm 20x20 Giá Rẻ, Cao Cấp', 'thep-hop-vuong-ma-kem-20x20-gia-re-cao-cap', 1, 'images/uploads/images/sanpham/thep_hop_11.jpg', '<p>\r\n	<strong>Với hệ thống kho hàng rải khắp các quận tại Hồ&nbsp;Chí&nbsp;Minh và các tỉnh lận cận&nbsp;:</strong>&nbsp; Bình Dương,Long An, Tây Ninh, Bình Thuận, Nha Trang,Phan Thiết,Bến Tre, An Giang,Vũng Tàu, Đồng Tháp, Bình Phước,Cà Mau, Cần Thơ, Sóc Trăng.\r\n</p>\r\n\r\n<p>\r\n	Thép Khánh Nam&nbsp;sẵn sàng đáp ứng mọi nhu cầu của khách hàng !\r\n</p>\r\n\r\n<h3>\r\n	Chúng tôi có xe lớn, xe nhỏ cùng đội ngũ nhân viên trẻ, nhiệt tình&nbsp;sẵn sàng&nbsp;giao hàng tới tận công trình.\r\n</h3>\r\n\r\n<p>\r\n	&nbsp;\r\n</p>\r\n\r\n<p>\r\n	- Giao hàng miễn phí các quận tại Tp. Hồ Chí Minh\r\n</p>', '<p>\r\n	Thép Hộp Vuông Mạ Kẽm 20x20 Giá Rẻ, Cao Cấp\r\n</p>', NULL, 'Thép Hộp Vuông Mạ Kẽm 20x20 Giá Rẻ, Cao Cấp', 'Thép Hộp Vuông Mạ Kẽm 20x20 Giá Rẻ, Cao Cấp', 'Thép Hộp Vuông Mạ Kẽm 20x20 Giá Rẻ Cao Cấp', '0', 0, '0', 1, 1, 6, '2018-03-28 03:28:13', '2018-03-28 04:31:48'),
(90, 'Thép Hộp Vuông Mạ Kẽm 25x25 Giá Rẻ, Cao Cấp', 'thep-hop-vuong-ma-kem-25x25-gia-re-cao-cap', 1, 'images/uploads/images/sanpham/thep_hop_5.jpg', '<p>\r\n	<strong>Với hệ thống kho hàng rải khắp các quận tại Hồ&nbsp;Chí&nbsp;Minh và các tỉnh lận cận&nbsp;:</strong>&nbsp; Bình Dương,Long An, Tây Ninh, Bình Thuận, Nha Trang,Phan Thiết,Bến Tre, An Giang,Vũng Tàu, Đồng Tháp, Bình Phước,Cà Mau, Cần Thơ, Sóc Trăng.\r\n</p>\r\n\r\n<p>\r\n	Thép Khánh Nam&nbsp;sẵn sàng đáp ứng mọi nhu cầu của khách hàng !\r\n</p>\r\n\r\n<h3>\r\n	Chúng tôi có xe lớn, xe nhỏ cùng đội ngũ nhân viên trẻ, nhiệt tình&nbsp;sẵn sàng&nbsp;giao hàng tới tận công trình.\r\n</h3>\r\n\r\n<p>\r\n	&nbsp;\r\n</p>\r\n\r\n<p>\r\n	- Giao hàng miễn phí các quận tại Tp. Hồ Chí Minh\r\n</p>', '<p>\r\n	Thép Hộp Vuông Mạ Kẽm 25x25 Giá Rẻ, Cao Cấp\r\n</p>', NULL, 'Thép Hộp Vuông Mạ Kẽm 25x25 Giá Rẻ, Cao Cấp', 'Thép Hộp Vuông Mạ Kẽm 25x25 Giá Rẻ, Cao Cấp', 'Thép Hộp Vuông Mạ Kẽm 25x25 Giá Rẻ Cao Cấp', '0', 0, '0', 1, 1, 6, '2018-03-28 03:28:13', '2018-03-28 04:31:22'),
(91, 'Thép Hộp Vuông Mạ Kẽm 40x40 Giá Rẻ, Cao Cấp', 'thep-hop-vuong-ma-kem-40x40-gia-re-cao-cap', 1, 'images/uploads/images/sanpham/thep_hop_5.jpg', '<p>\r\n	<strong>Với hệ thống kho hàng rải khắp các quận tại Hồ&nbsp;Chí&nbsp;Minh và các tỉnh lận cận&nbsp;:</strong>&nbsp; Bình Dương,Long An, Tây Ninh, Bình Thuận, Nha Trang,Phan Thiết,Bến Tre, An Giang,Vũng Tàu, Đồng Tháp, Bình Phước,Cà Mau, Cần Thơ, Sóc Trăng.\r\n</p>\r\n\r\n<p>\r\n	Thép Khánh Nam&nbsp;sẵn sàng đáp ứng mọi nhu cầu của khách hàng !\r\n</p>\r\n\r\n<h3>\r\n	Chúng tôi có xe lớn, xe nhỏ cùng đội ngũ nhân viên trẻ, nhiệt tình&nbsp;sẵn sàng&nbsp;giao hàng tới tận công trình.\r\n</h3>\r\n\r\n<p>\r\n	&nbsp;\r\n</p>\r\n\r\n<p>\r\n	- Giao hàng miễn phí các quận tại Tp. Hồ Chí Minh\r\n</p>', '<p>\r\n	Thép Hộp Vuông Mạ Kẽm 40x40 Giá Rẻ, Cao Cấp\r\n</p>', NULL, 'Thép Hộp Vuông Mạ Kẽm 40x40 Giá Rẻ, Cao Cấp', 'Thép Hộp Vuông Mạ Kẽm 40x40 Giá Rẻ, Cao Cấp', 'Thép Hộp Vuông Mạ Kẽm 40x40 Giá Rẻ Cao Cấp', '0', 0, '0', 1, 1, 6, '2018-03-28 03:28:13', '2018-03-28 04:30:59');
INSERT INTO `products` (`id`, `name`, `path`, `isActive`, `image`, `description`, `content`, `code`, `seo_title`, `seo_description`, `seo_keywords`, `price`, `sale`, `final_price`, `order`, `user_id`, `category_product_id`, `created_at`, `updated_at`) VALUES
(92, 'Thép Hộp Vuông Đen 14x14 Giá Rẻ, Chính Hãng', 'thep-hop-vuong-den-14x14-gia-re-chinh-hang', 1, 'images/uploads/images/sanpham/thep_hop_4.jpg', '<p>\r\n	<strong>Với hệ thống kho hàng rải khắp các quận tại Hồ&nbsp;Chí&nbsp;Minh và các tỉnh lận cận&nbsp;:</strong>&nbsp; Bình Dương,Long An, Tây Ninh, Bình Thuận, Nha Trang,Phan Thiết,Bến Tre, An Giang,Vũng Tàu, Đồng Tháp, Bình Phước,Cà Mau, Cần Thơ, Sóc Trăng.\r\n</p>\r\n\r\n<p>\r\n	Thép Khánh Nam&nbsp;sẵn sàng đáp ứng mọi nhu cầu của khách hàng !\r\n</p>\r\n\r\n<h3>\r\n	Chúng tôi có xe lớn, xe nhỏ cùng đội ngũ nhân viên trẻ, nhiệt tình&nbsp;sẵn sàng&nbsp;giao hàng tới tận công trình.\r\n</h3>\r\n\r\n<p>\r\n	&nbsp;\r\n</p>\r\n\r\n<p>\r\n	- Giao hàng miễn phí các quận tại Tp. Hồ Chí Minh\r\n</p>', '<p>\r\n	Thép Hộp Vuông Đen 14x14 Giá Rẻ, Chính Hãng\r\n</p>', NULL, 'Thép Hộp Vuông Đen 14x14 Giá Rẻ, Chính Hãng', 'Thép Hộp Vuông Đen 14x14 Giá Rẻ, Chính Hãng', 'Thép Hộp Vuông Đen 14x14 Giá Rẻ Chính Hãng', '0', 0, '0', 1, 1, 6, '2018-03-28 03:28:13', '2018-03-28 04:30:31'),
(93, 'Thép Hộp Vuông Mạ Kẽm 14x14 Giá Rẻ, Chính Hãng', 'thep-hop-vuong-ma-kem-14x14-gia-re-chinh-hang', 1, 'images/uploads/images/sanpham/thep_hop_5.jpg', '<p>\r\n	<strong>Với hệ thống kho hàng rải khắp các quận tại Hồ&nbsp;Chí&nbsp;Minh và các tỉnh lận cận&nbsp;:</strong>&nbsp; Bình Dương,Long An, Tây Ninh, Bình Thuận, Nha Trang,Phan Thiết,Bến Tre, An Giang,Vũng Tàu, Đồng Tháp, Bình Phước,Cà Mau, Cần Thơ, Sóc Trăng.\r\n</p>\r\n\r\n<p>\r\n	Thép Khánh Nam&nbsp;sẵn sàng đáp ứng mọi nhu cầu của khách hàng !\r\n</p>\r\n\r\n<h3>\r\n	Chúng tôi có xe lớn, xe nhỏ cùng đội ngũ nhân viên trẻ, nhiệt tình&nbsp;sẵn sàng&nbsp;giao hàng tới tận công trình.\r\n</h3>\r\n\r\n<p>\r\n	&nbsp;\r\n</p>\r\n\r\n<p>\r\n	- Giao hàng miễn phí các quận tại Tp. Hồ Chí Minh\r\n</p>', '<p>\r\n	Thép Hộp Vuông Mạ Kẽm 14x14 Giá Rẻ, Chính Hãng\r\n</p>', NULL, 'Thép Hộp Vuông Mạ Kẽm 14x14 Giá Rẻ, Chính Hãng', 'Thép Hộp Vuông Mạ Kẽm 14x14 Giá Rẻ, Chính Hãng', 'Thép Hộp Vuông Mạ Kẽm 14x14 Giá Rẻ Chính Hãng', '0', 0, '0', 1, 1, 6, '2018-03-28 03:28:13', '2018-03-28 04:33:51'),
(94, 'Thép Hộp Vuông Mạ Kẽm 30x30 Giá Rẻ, Chính Hãng', 'thep-hop-vuong-ma-kem-30x30-gia-re-chinh-hang', 1, 'images/uploads/images/sanpham/thep_hop_7.jpg', '<p>\r\n	<strong>Với hệ thống kho hàng rải khắp các quận tại Hồ&nbsp;Chí&nbsp;Minh và các tỉnh lận cận&nbsp;:</strong>&nbsp; Bình Dương,Long An, Tây Ninh, Bình Thuận, Nha Trang,Phan Thiết,Bến Tre, An Giang,Vũng Tàu, Đồng Tháp, Bình Phước,Cà Mau, Cần Thơ, Sóc Trăng.\r\n</p>\r\n\r\n<p>\r\n	Thép Khánh Nam&nbsp;sẵn sàng đáp ứng mọi nhu cầu của khách hàng !\r\n</p>\r\n\r\n<h3>\r\n	Chúng tôi có xe lớn, xe nhỏ cùng đội ngũ nhân viên trẻ, nhiệt tình&nbsp;sẵn sàng&nbsp;giao hàng tới tận công trình.\r\n</h3>\r\n\r\n<p>\r\n	&nbsp;\r\n</p>\r\n\r\n<p>\r\n	- Giao hàng miễn phí các quận tại Tp. Hồ Chí Minh\r\n</p>', '<p>\r\n	Thép Hộp Vuông Mạ Kẽm 30x30 Giá Rẻ, Chính Hãng\r\n</p>', NULL, 'Thép Hộp Vuông Mạ Kẽm 30x30 Giá Rẻ, Chính Hãng', 'Thép Hộp Vuông Mạ Kẽm 30x30 Giá Rẻ, Chính Hãng', 'Thép Hộp Vuông Mạ Kẽm 30x30 Giá Rẻ Chính Hãng', '0', 0, '0', 1, 1, 6, '2018-03-28 03:28:13', '2018-03-28 04:33:34'),
(95, 'Thép Hộp Chữ Nhật Mạ Kẽm 13x26 Giá Rẻ, Chính Hãng', 'thep-hop-chu-nhat-ma-kem-13x26-gia-re-chinh-hang', 1, 'images/uploads/images/sanpham/thep_hop_7.jpg', '<p>\r\n	<strong>Với hệ thống kho hàng rải khắp các quận tại Hồ&nbsp;Chí&nbsp;Minh và các tỉnh lận cận&nbsp;:</strong>&nbsp; Bình Dương,Long An, Tây Ninh, Bình Thuận, Nha Trang,Phan Thiết,Bến Tre, An Giang,Vũng Tàu, Đồng Tháp, Bình Phước,Cà Mau, Cần Thơ, Sóc Trăng.\r\n</p>\r\n\r\n<p>\r\n	Thép Khánh Nam&nbsp;sẵn sàng đáp ứng mọi nhu cầu của khách hàng !\r\n</p>\r\n\r\n<h3>\r\n	Chúng tôi có xe lớn, xe nhỏ cùng đội ngũ nhân viên trẻ, nhiệt tình&nbsp;sẵn sàng&nbsp;giao hàng tới tận công trình.\r\n</h3>\r\n\r\n<p>\r\n	&nbsp;\r\n</p>\r\n\r\n<p>\r\n	- Giao hàng miễn phí các quận tại Tp. Hồ Chí Minh\r\n</p>', '<p>\r\n	Thép Hộp Chữ Nhật Mạ Kẽm 13x26 Giá Rẻ, Chính Hãng\r\n</p>', NULL, 'Thép Hộp Chữ Nhật Mạ Kẽm 13x26 Giá Rẻ, Chính Hãng', 'Thép Hộp Chữ Nhật Mạ Kẽm 13x26 Giá Rẻ, Chính Hãng', 'Thép Hộp Chữ Nhật Mạ Kẽm 13x26 Giá Rẻ Chính Hãng', '0', 0, '0', 1, 1, 6, '2018-03-28 03:28:13', '2018-03-28 04:32:58'),
(96, 'Thép Hộp Chữ Nhật Mạ Kẽm 20x40 Giá Rẻ, Chính Hãng', 'thep-hop-chu-nhat-ma-kem-20x40-gia-re-chinh-hang', 1, 'images/uploads/images/sanpham/thep_hop_11.jpg', '<p>\r\n	<strong>Với hệ thống kho hàng rải khắp các quận tại Hồ&nbsp;Chí&nbsp;Minh và các tỉnh lận cận&nbsp;:</strong>&nbsp; Bình Dương,Long An, Tây Ninh, Bình Thuận, Nha Trang,Phan Thiết,Bến Tre, An Giang,Vũng Tàu, Đồng Tháp, Bình Phước,Cà Mau, Cần Thơ, Sóc Trăng.\r\n</p>\r\n\r\n<p>\r\n	Thép Khánh Nam&nbsp;sẵn sàng đáp ứng mọi nhu cầu của khách hàng !\r\n</p>\r\n\r\n<h3>\r\n	Chúng tôi có xe lớn, xe nhỏ cùng đội ngũ nhân viên trẻ, nhiệt tình&nbsp;sẵn sàng&nbsp;giao hàng tới tận công trình.\r\n</h3>\r\n\r\n<p>\r\n	&nbsp;\r\n</p>\r\n\r\n<p>\r\n	- Giao hàng miễn phí các quận tại Tp. Hồ Chí Minh\r\n</p>', '<p>\r\n	Thép Hộp Chữ Nhật Mạ Kẽm 20x40 Giá Rẻ, Chính Hãng\r\n</p>', NULL, 'Thép Hộp Chữ Nhật Mạ Kẽm 20x40 Giá Rẻ, Chính Hãng', 'Thép Hộp Chữ Nhật Mạ Kẽm 20x40 Giá Rẻ, Chính Hãng', 'Thép Hộp Chữ Nhật Mạ Kẽm 20x40 Giá Rẻ Chính Hãng', '0', 0, '0', 1, 1, 6, '2018-03-28 03:28:13', '2018-03-28 04:32:29'),
(97, 'Thép Hình Chữ L - Đại Lý Thép Hình Xây Dựng Chữ L Giá Rẻ', 'thep-hinh-chu-l-dai-ly-thep-hinh-xay-dung-chu-l-gia-re', 1, 'images/uploads/images/sanpham/thep_hinh_1.jpg', '<p>\r\n	<strong>Với hệ thống kho hàng rải khắp các quận tại Hồ&nbsp;Chí&nbsp;Minh và các tỉnh lận cận&nbsp;:</strong>&nbsp; Bình Dương,Long An, Tây Ninh, Bình Thuận, Nha Trang,Phan Thiết,Bến Tre, An Giang,Vũng Tàu, Đồng Tháp, Bình Phước,Cà Mau, Cần Thơ, Sóc Trăng.\r\n</p>\r\n\r\n<p>\r\n	Thép Khánh Nam&nbsp;sẵn sàng đáp ứng mọi nhu cầu của khách hàng !\r\n</p>\r\n\r\n<h3>\r\n	Chúng tôi có xe lớn, xe nhỏ cùng đội ngũ nhân viên trẻ, nhiệt tình&nbsp;sẵn sàng&nbsp;giao hàng tới tận công trình.\r\n</h3>\r\n\r\n<p>\r\n	&nbsp;\r\n</p>\r\n\r\n<p>\r\n	- Giao hàng miễn phí các quận tại Tp. Hồ Chí Minh\r\n</p>', '<p>\r\n	Thép Hình Chữ L - Đại Lý Thép Hình Xây Dựng Chữ L Giá Rẻ\r\n</p>', NULL, 'Thép Hình Chữ L - Đại Lý Thép Hình Xây Dựng Chữ L Giá Rẻ', 'Thép Hình Chữ L - Đại Lý Thép Hình Xây Dựng Chữ L Giá Rẻ', 'Thép Hình Chữ L,Đại Lý Thép Hình Xây Dựng Chữ L Giá Rẻ', '0', 0, '0', 1, 1, 7, '2018-03-28 03:28:13', '2018-03-28 04:36:17'),
(98, 'Thép Hình Chữ I - Đại Lý Thép Hình Xây Dựng Chữ I Giá Rẻ', 'thep-hinh-chu-i-dai-ly-thep-hinh-xay-dung-chu-i-gia-re', 1, 'images/uploads/images/sanpham/thep_hinh_3.jpg', '<p>\r\n	<strong>Với hệ thống kho hàng rải khắp các quận tại Hồ&nbsp;Chí&nbsp;Minh và các tỉnh lận cận&nbsp;:</strong>&nbsp; Bình Dương,Long An, Tây Ninh, Bình Thuận, Nha Trang,Phan Thiết,Bến Tre, An Giang,Vũng Tàu, Đồng Tháp, Bình Phước,Cà Mau, Cần Thơ, Sóc Trăng.\r\n</p>\r\n\r\n<p>\r\n	Thép Khánh Nam&nbsp;sẵn sàng đáp ứng mọi nhu cầu của khách hàng !\r\n</p>\r\n\r\n<h3>\r\n	Chúng tôi có xe lớn, xe nhỏ cùng đội ngũ nhân viên trẻ, nhiệt tình&nbsp;sẵn sàng&nbsp;giao hàng tới tận công trình.\r\n</h3>\r\n\r\n<p>\r\n	&nbsp;\r\n</p>\r\n\r\n<p>\r\n	- Giao hàng miễn phí các quận tại Tp. Hồ Chí Minh\r\n</p>', '<p>\r\n	Thép Hình Chữ I - Đại Lý Thép Hình Xây Dựng Chữ I Giá Rẻ\r\n</p>', NULL, 'Thép Hình Chữ I - Đại Lý Thép Hình Xây Dựng Chữ I Giá Rẻ', 'Thép Hình Chữ I - Đại Lý Thép Hình Xây Dựng Chữ I Giá Rẻ', 'Thép Hình Chữ I,Đại Lý Thép Hình Xây Dựng Chữ I Giá Rẻ', '0', 0, '0', 1, 1, 7, '2018-03-28 03:28:13', '2018-03-28 04:36:44'),
(99, 'Thép Hình Chữ V - Đại Lý Thép Hình Xây Dựng Chữ V Giá Rẻ', 'thep-hinh-chu-v-dai-ly-thep-hinh-xay-dung-chu-v-gia-re', 1, 'images/uploads/images/sanpham/thep_hinh_4.jpg', '<p>\r\n	<strong>Với hệ thống kho hàng rải khắp các quận tại Hồ&nbsp;Chí&nbsp;Minh và các tỉnh lận cận&nbsp;:</strong>&nbsp; Bình Dương,Long An, Tây Ninh, Bình Thuận, Nha Trang,Phan Thiết,Bến Tre, An Giang,Vũng Tàu, Đồng Tháp, Bình Phước,Cà Mau, Cần Thơ, Sóc Trăng.\r\n</p>\r\n\r\n<p>\r\n	Thép Khánh Nam&nbsp;sẵn sàng đáp ứng mọi nhu cầu của khách hàng !\r\n</p>\r\n\r\n<h3>\r\n	Chúng tôi có xe lớn, xe nhỏ cùng đội ngũ nhân viên trẻ, nhiệt tình&nbsp;sẵn sàng&nbsp;giao hàng tới tận công trình.\r\n</h3>\r\n\r\n<p>\r\n	&nbsp;\r\n</p>\r\n\r\n<p>\r\n	- Giao hàng miễn phí các quận tại Tp. Hồ Chí Minh\r\n</p>', '<p>\r\n	Thép Hình Chữ V - Đại Lý Thép Hình Xây Dựng Chữ V Giá Rẻ\r\n</p>', NULL, 'Thép Hình Chữ V - Đại Lý Thép Hình Xây Dựng Chữ V Giá Rẻ', 'Thép Hình Chữ V - Đại Lý Thép Hình Xây Dựng Chữ V Giá Rẻ', 'Thép Hình Chữ V,Đại Lý Thép Hình Xây Dựng Chữ V Giá Rẻ', '0', 0, '0', 1, 1, 7, '2018-03-28 03:28:13', '2018-03-28 04:37:44'),
(100, 'Thép Hình Chữ H - Đại Lý Thép Hình Xây Dựng Chữ H Giá Rẻ', 'thep-hinh-chu-h-dai-ly-thep-hinh-xay-dung-chu-h-gia-re', 1, 'images/uploads/images/sanpham/thep_hinh_2.jpg', '<p>\r\n	<strong>Với hệ thống kho hàng rải khắp các quận tại Hồ&nbsp;Chí&nbsp;Minh và các tỉnh lận cận&nbsp;:</strong>&nbsp; Bình Dương,Long An, Tây Ninh, Bình Thuận, Nha Trang,Phan Thiết,Bến Tre, An Giang,Vũng Tàu, Đồng Tháp, Bình Phước,Cà Mau, Cần Thơ, Sóc Trăng.\r\n</p>\r\n\r\n<p>\r\n	Thép Khánh Nam&nbsp;sẵn sàng đáp ứng mọi nhu cầu của khách hàng !\r\n</p>\r\n\r\n<h3>\r\n	Chúng tôi có xe lớn, xe nhỏ cùng đội ngũ nhân viên trẻ, nhiệt tình&nbsp;sẵn sàng&nbsp;giao hàng tới tận công trình.\r\n</h3>\r\n\r\n<p>\r\n	&nbsp;\r\n</p>\r\n\r\n<p>\r\n	- Giao hàng miễn phí các quận tại Tp. Hồ Chí Minh\r\n</p>', '<p>\r\n	Thép Hình Chữ H - Đại Lý Thép Hình Xây Dựng Chữ H Giá Rẻ\r\n</p>', NULL, 'Thép Hình Chữ H - Đại Lý Thép Hình Xây Dựng Chữ H Giá Rẻ', 'Thép Hình Chữ H - Đại Lý Thép Hình Xây Dựng Chữ H Giá Rẻ', 'Thép Hình Chữ H,Đại Lý Thép Hình Xây Dựng Chữ H Giá Rẻ', '0', 0, '0', 1, 1, 7, '2018-03-28 03:28:13', '2018-03-28 04:37:20'),
(101, 'Thép Hình Chữ U - Đại Lý Thép Hình Xây Dựng Chữ U Giá Rẻ', 'thep-hinh-chu-u-dai-ly-thep-hinh-xay-dung-chu-u-gia-re', 1, 'images/uploads/images/sanpham/thep_mien_nam_1.jpg', '<p>\r\n	<strong>Với hệ thống kho hàng rải khắp các quận tại Hồ&nbsp;Chí&nbsp;Minh và các tỉnh lận cận&nbsp;:</strong>&nbsp; Bình Dương,Long An, Tây Ninh, Bình Thuận, Nha Trang,Phan Thiết,Bến Tre, An Giang,Vũng Tàu, Đồng Tháp, Bình Phước,Cà Mau, Cần Thơ, Sóc Trăng.\r\n</p>\r\n\r\n<p>\r\n	Thép Khánh Nam&nbsp;sẵn sàng đáp ứng mọi nhu cầu của khách hàng !\r\n</p>\r\n\r\n<h3>\r\n	Chúng tôi có xe lớn, xe nhỏ cùng đội ngũ nhân viên trẻ, nhiệt tình&nbsp;sẵn sàng&nbsp;giao hàng tới tận công trình.\r\n</h3>\r\n\r\n<p>\r\n	&nbsp;\r\n</p>\r\n\r\n<p>\r\n	- Giao hàng miễn phí các quận tại Tp. Hồ Chí Minh\r\n</p>', '<p>\r\n	Thép Hình Chữ U - Đại Lý Thép Hình Xây Dựng Chữ U Giá Rẻ\r\n</p>', NULL, 'Thép Hình Chữ U - Đại Lý Thép Hình Xây Dựng Chữ U Giá Rẻ', 'Thép Hình Chữ U - Đại Lý Thép Hình Xây Dựng Chữ U Giá Rẻ', 'Thép Hình Chữ U,Đại Lý Thép Hình Xây Dựng Chữ U Giá Rẻ', '0', 0, '0', 1, 1, 7, '2018-03-28 03:28:13', '2018-03-28 04:38:13'),
(102, 'Tôn Mạ Màu Hoa Sen Chính Hãng, Giá Rẻ', 'ton-ma-mau-hoa-sen-chinh-hang-gia-re', 1, 'images/uploads/images/sanpham/ton_hoa_sen_1.jpg', '<p>\r\n	<strong>Với hệ thống kho hàng rải khắp các quận tại Hồ&nbsp;Chí&nbsp;Minh và các tỉnh lận cận&nbsp;:</strong>&nbsp; Bình Dương,Long An, Tây Ninh, Bình Thuận, Nha Trang,Phan Thiết,Bến Tre, An Giang,Vũng Tàu, Đồng Tháp, Bình Phước,Cà Mau, Cần Thơ, Sóc Trăng.\r\n</p>\r\n\r\n<p>\r\n	Thép Khánh Nam&nbsp;sẵn sàng đáp ứng mọi nhu cầu của khách hàng !\r\n</p>\r\n\r\n<h3>\r\n	Chúng tôi có xe lớn, xe nhỏ cùng đội ngũ nhân viên trẻ, nhiệt tình&nbsp;sẵn sàng&nbsp;giao hàng tới tận công trình.\r\n</h3>\r\n\r\n<p>\r\n	&nbsp;\r\n</p>\r\n\r\n<p>\r\n	- Giao hàng miễn phí các quận tại Tp. Hồ Chí Minh\r\n</p>', '<p>\r\n	Tôn mạ màu của tập đoàn Hoa Sen Group được sản xuất theo tiêu chuẩn công nghệ Nhật Bản JIS G3312:1994 và tiêu chuẩn của nhà sản xuất, với lớp màng sơn thành phẩm polyester và lớp màng sơn lót epoxy. Độ dày của màng sơn được kiểm soát bằng dụng cụ đo quang học. Điểm ưu việt là khả năng chống ăn mòn gỉ sét từ thiên nhiên và môi trường xung quanh.&nbsp;<em><strong>Tôn mạ màu Hoa Sen</strong></em>&nbsp;được sản xuất với màu sắc đa dạng phong phú, dễ dàng lựa chọn.\r\n</p>\r\n\r\n<p style="text-align: center;">\r\n	&nbsp; &nbsp; &nbsp; &nbsp; &nbsp; &nbsp; &nbsp; &nbsp; &nbsp; &nbsp; &nbsp; &nbsp; &nbsp; &nbsp; &nbsp; &nbsp; &nbsp; &nbsp; &nbsp; &nbsp; &nbsp; &nbsp; &nbsp; &nbsp; &nbsp; &nbsp; &nbsp;&nbsp;<img alt="Tôn mạ màu Hoa Sen - Sài Gòn CMC" id="tôn mạ màu" src="http://localhost:8080/satthepsg/images/uploads/images/sanpham/ton_hoa_sen_3.jpg" style="height: 50%; width: 50%;" title="tôn mạ màu">\r\n</p>\r\n\r\n<p style="text-align: center;">\r\n	<strong>Tôn mạ màu Hoa Sen - Thép Khánh Nam</strong>\r\n</p>\r\n\r\n<p>\r\n	Thép Khánh Nam&nbsp;là đơn vị chuyên phân phối vật liệu xây dựng cho tập đoàn<a href="http://saigoncmc.vn/ton-hoa-sen-b1554226.html" id="tôn Hoa Sen" title="tôn Hoa Sen" type="tôn Hoa Sen">&nbsp;</a>Hoa Sen Group&nbsp;tại các thành phố lớn và các tỉnh lân cận. Vì&nbsp;vậy khách hàng luôn yên tâm về chất lượng và giá cả. Hãy liên hệ chuyên viên chúng tôi để được tư vấn lựa chọn sản phẩm Tôn Mạ Màu Hoa Sen !\r\n</p>', NULL, 'Tôn Mạ Màu Hoa Sen Chính Hãng, Giá Rẻ', 'Tôn Mạ Màu Hoa Sen Chính Hãng, Giá Rẻ', 'Tôn Mạ Màu Hoa Sen Chính Hãng Giá Rẻ', '0', 0, '0', 1, 1, 10, '2018-03-28 03:28:13', '2018-03-28 04:45:51'),
(103, 'Thép Dày Mạ Kẽm Hoa Sen Giá Rẻ, Chính Hãng', 'thep-day-ma-kem-hoa-sen-gia-re-chinh-hang', 1, 'images/uploads/images/sanpham/ton_hoa_sen_2.jpg', '<p>\r\n	<strong>Với hệ thống kho hàng rải khắp các quận tại Hồ&nbsp;Chí&nbsp;Minh và các tỉnh lận cận&nbsp;:</strong>&nbsp; Bình Dương,Long An, Tây Ninh, Bình Thuận, Nha Trang,Phan Thiết,Bến Tre, An Giang,Vũng Tàu, Đồng Tháp, Bình Phước,Cà Mau, Cần Thơ, Sóc Trăng.\r\n</p>\r\n\r\n<p>\r\n	Thép Khánh Nam&nbsp;sẵn sàng đáp ứng mọi nhu cầu của khách hàng !\r\n</p>\r\n\r\n<h3>\r\n	Chúng tôi có xe lớn, xe nhỏ cùng đội ngũ nhân viên trẻ, nhiệt tình&nbsp;sẵn sàng&nbsp;giao hàng tới tận công trình.\r\n</h3>\r\n\r\n<p>\r\n	&nbsp;\r\n</p>\r\n\r\n<p>\r\n	- Giao hàng miễn phí các quận tại Tp. Hồ Chí Minh\r\n</p>', '<p>\r\n	<strong>Thép dày mạ kẽm của tập đoàn Hoa Sen Group, được sản xuất theo công nghệ Nhật Bản JIS G3302:1998 và tiêu chuẩn riêng của công ty. Thép dày mạ kẽm là sản phẩm được sản xuất trên dây chuyền mạ nhúng nóng liên tục theo công nghệ lò NOF hiện đại của thế giới, với khả năng chống ăn mòn cao trong môi trường tự nhên.</strong><br>\r\n	<strong>Sản phẩm mạ kẽm có bề mặt nhẵn bóng, cơ tính được ứng dụng rất rộng rãi:&nbsp;</strong><br>\r\n	- Sản xuất các mặt hàng gia công, thủ công mỹ nghệ hoặc cán sóng.<br>\r\n	- Công nghiệp đóng tàu, chế tạo xe hơi, xe máy, xe đạp, điện công nghệ và gia dụng..\r\n</p>\r\n\r\n<p style="text-align: center;">\r\n	&nbsp; &nbsp; &nbsp; &nbsp; &nbsp; &nbsp; &nbsp; &nbsp; &nbsp; &nbsp; &nbsp; &nbsp; &nbsp; &nbsp; &nbsp; &nbsp; &nbsp; &nbsp; &nbsp; &nbsp; &nbsp; &nbsp; &nbsp; &nbsp; &nbsp; &nbsp; &nbsp;&nbsp;<img alt="Tôn mạ màu Hoa Sen - Sài Gòn CMC" id="tôn mạ màu" src="http://localhost:8080/satthepsg/images/uploads/images/sanpham/ton_hoa_sen_2.jpg" style="height: 50%; width: 50%;" title="tôn mạ màu">\r\n</p>\r\n\r\n<p style="text-align: center;">\r\n	<em><strong>Thép dày mạ kẽm - VLXD Thép Khánh Nam</strong></em>\r\n</p>\r\n\r\n<p>\r\n	Thép Khánh Nam&nbsp;là đơn vị chuyên phân phối vật liệu xây dựng cho tập đoàn Hoa Sen Group tại các thành phố lớn và các tỉnh lân cận. Vì&nbsp;vậy khách hàng luôn yên tâm về chất lượng và giá cả. Hãy liên hệ chuyên viên chúng tôi để được tư vấn lựa chọn sản phẩm!\r\n</p>', NULL, 'Thép Dày Mạ Kẽm Hoa Sen Giá Rẻ, Chính Hãng', 'Thép Dày Mạ Kẽm Hoa Sen Giá Rẻ, Chính Hãng', 'Thép Dày Mạ Kẽm Hoa Sen Giá Rẻ Chính Hãng', '0', 0, '0', 1, 1, 10, '2018-03-28 03:28:13', '2018-03-28 04:45:36'),
(104, 'Tôn Mạ Màu Đông Á - Đại Lý Cấp 1 Tôn Mạ Màu Đông Á Giá Rẻ', 'ton-ma-mau-dong-a-dai-ly-cap-1-ton-ma-mau-dong-a-gia-re', 1, 'images/uploads/images/sanpham/5635014ton_ma_mau_dong_a.210.300.jpg', '<p>\r\n	<strong>Với hệ thống kho hàng rải khắp các quận tại Hồ&nbsp;Chí&nbsp;Minh và các tỉnh lận cận&nbsp;:</strong>&nbsp; Bình Dương,Long An, Tây Ninh, Bình Thuận, Nha Trang,Phan Thiết,Bến Tre, An Giang,Vũng Tàu, Đồng Tháp, Bình Phước,Cà Mau, Cần Thơ, Sóc Trăng.\r\n</p>\r\n\r\n<p>\r\n	Thép Khánh Nam&nbsp;sẵn sàng đáp ứng mọi nhu cầu của khách hàng !\r\n</p>\r\n\r\n<h3>\r\n	Chúng tôi có xe lớn, xe nhỏ cùng đội ngũ nhân viên trẻ, nhiệt tình&nbsp;sẵn sàng&nbsp;giao hàng tới tận công trình.\r\n</h3>\r\n\r\n<p>\r\n	&nbsp;\r\n</p>\r\n\r\n<p>\r\n	- Giao hàng miễn phí các quận tại Tp. Hồ Chí Minh\r\n</p>', '<p>\r\n	<strong>Tôn mạ màu SSSC&nbsp;là sản phẩm của&nbsp;Tôn Đông Á, sản xuất theo tiêu chuẩn công nghệ Nhật Bản JIS G3312 và tiêu chuẩn của nhà sản xuất, với lớp màng sơn thành phẩm polyester và màng sơn lót epoxy.</strong>\r\n</p>\r\n\r\n<p>\r\n	Tôn mạ màu vẻ đẹp mượt mà của lớp sơn phủ hoàn thiện, với màu sắc đa dạng phong phú, đáp ứng mọi nhu cầu của người sử dụng. Thích nghi với mọi điều kiện thời tiết, ứng dụng rộng rãi trong:<br>\r\n	- Cán sóng vuông lợp mái hoặc làm vách, phụ kiện máng xối, cửa cuốn nhà xưởng, tôn vòm nóc gió nguyên tấm.<br>\r\n	- Cán sóng ngói lợp mái, cliplock góc, cách nhiệt cách âm PU, sóng ngói.\r\n</p>\r\n\r\n<p style="text-align: center;">\r\n	&nbsp; &nbsp; &nbsp; &nbsp; &nbsp; &nbsp; &nbsp; &nbsp; &nbsp; &nbsp; &nbsp; &nbsp; &nbsp; &nbsp; &nbsp; &nbsp; &nbsp; &nbsp; &nbsp; &nbsp; &nbsp; &nbsp; &nbsp; &nbsp; &nbsp; &nbsp; &nbsp;&nbsp;<img alt="Tôn mạ màu Hoa Sen - Sài Gòn CMC" id="tôn mạ màu" src="http://localhost:8080/satthepsg/images/uploads/images/sanpham/ton_hoa_sen_3.jpg" style="height: 256px; width: 450px;" title="tôn mạ màu">\r\n</p>\r\n\r\n<p style="text-align: center;">\r\n	<em><strong>Tôn Mạ Màu Đông Á - VLXD Thép Khánh Nam</strong></em>\r\n</p>\r\n\r\n<p>\r\n	Thép Khánh Nam&nbsp;là đơn vị chuyên phân phối vật liệu xây dựng cho&nbsp;Tôn ĐÔNG Á&nbsp;tại các thành phố lớn và các tỉnh lân cận. Với phương châm chất lượng, uy tín đảm bảo. chúng tôi luôn mang lại sự hài lòng về phía khách hàng. Hãy liên hệ với chúng tôi để nhận báo giá mới nhất!\r\n</p>', NULL, 'Tôn Mạ Màu Đông Á - Đại Lý Cấp 1 Tôn Mạ Màu Đông Á Giá Rẻ', 'Tôn Mạ Màu Đông Á - Đại Lý Cấp 1 Tôn Mạ Màu Đông Á Giá Rẻ', 'Tôn Mạ Màu Đông Á,Đại Lý Cấp 1 Tôn Mạ Màu Đông Á Giá Rẻ', '0', 0, '0', 1, 1, 11, '2018-03-28 03:28:13', '2018-03-28 04:48:02'),
(105, 'Tôn Mạ Màu Phương Nam - Đại Lý Cấp 1 Tôn Mạ Màu Phương Nam', 'ton-ma-mau-phuong-nam-dai-ly-cap-1-ton-ma-mau-phuong-nam', 1, 'images/uploads/images/sanpham/ton_hoa_sen_3.jpg', '<p>\r\n	<strong>Với hệ thống kho hàng rải khắp các quận tại Hồ&nbsp;Chí&nbsp;Minh và các tỉnh lận cận&nbsp;:</strong>&nbsp; Bình Dương,Long An, Tây Ninh, Bình Thuận, Nha Trang,Phan Thiết,Bến Tre, An Giang,Vũng Tàu, Đồng Tháp, Bình Phước,Cà Mau, Cần Thơ, Sóc Trăng.\r\n</p>\r\n\r\n<p>\r\n	Thép Khánh Nam&nbsp;sẵn sàng đáp ứng mọi nhu cầu của khách hàng !\r\n</p>\r\n\r\n<h3>\r\n	Chúng tôi có xe lớn, xe nhỏ cùng đội ngũ nhân viên trẻ, nhiệt tình&nbsp;sẵn sàng&nbsp;giao hàng tới tận công trình.\r\n</h3>\r\n\r\n<p>\r\n	&nbsp;\r\n</p>\r\n\r\n<p>\r\n	- Giao hàng miễn phí các quận tại Tp. Hồ Chí Minh\r\n</p>', '<p>\r\n	<strong>Tôn mạ màu SSSC là sản phẩm của Tôn Phương Nam, sản xuất theo tiêu chuẩn công nghệ Nhật Bản JIS G3312 và tiêu chuẩn của nhà sản xuất, với lớp màng sơn thành phẩm polyester và màng sơn lót epoxy.</strong><br>\r\n	<strong>Tôn mạ màu</strong><strong>&nbsp;Phương Nam</strong>&nbsp;vẻ đẹp mượt mà của lớp sơn phủ hoàn thiện, với màu sắc đa dạng phong phú, đáp ứng mọi nhu cầu của người sử dụng. Thích nghi với mọi điều kiện thời tiết, ứng dụng rộng rãi trong:<br>\r\n	- Cán sóng vuông lợp mái hoặc làm vách, phụ kiện máng xối, cửa cuốn nhà xưởng, tôn vòm nóc gió nguyên tấm.<br>\r\n	- Cán sóng ngói lợp mái, cliplock góc, cách nhiệt cách âm PU, sóng ngói.\r\n</p>\r\n\r\n<p style="text-align: center;">\r\n	&nbsp; &nbsp; &nbsp; &nbsp; &nbsp; &nbsp; &nbsp; &nbsp; &nbsp; &nbsp; &nbsp; &nbsp; &nbsp; &nbsp; &nbsp; &nbsp; &nbsp; &nbsp; &nbsp; &nbsp; &nbsp; &nbsp; &nbsp; &nbsp; &nbsp; &nbsp; &nbsp;&nbsp;<img alt="Tôn mạ màu Hoa Sen - Sài Gòn CMC" id="tôn mạ màu" src="http://localhost:8080/satthepsg/images/uploads/images/sanpham/ton_hoa_sen_3.jpg" style="height: 256px; width: 450px;" title="tôn mạ màu">\r\n</p>\r\n\r\n<p style="text-align: center;">\r\n	<em><strong>Tôn Mạ Màu Phương Nam- VLXD Thép Khánh Nam</strong></em>\r\n</p>\r\n\r\n<p>\r\n	Thép Khánh Nam&nbsp;là đơn vị chuyên phân phối vật liệu xây dựng cho&nbsp;<em><strong>Tôn mạ màu Phương Nam</strong></em>&nbsp;tại các thành phố lớn và các tỉnh lân cận. Với phương châm uy tín chất lượng đảm bảo, chúng tôi luôn mang lại sự hài lòng về phía khách hàng. Hãy liên hệ với chúng tôi để được báo giá mới nhất.\r\n</p>', NULL, 'Tôn Mạ Màu Phương Nam - Đại Lý Cấp 1 Tôn Mạ Màu Phương Nam', 'Tôn Mạ Màu Phương Nam - Đại Lý Cấp 1 Tôn Mạ Màu Phương Nam', 'Tôn Mạ Màu Phương Nam,Đại Lý Cấp 1 Tôn Mạ Màu Phương Nam', '0', 0, '0', 1, 1, 12, '2018-03-28 03:28:13', '2018-03-28 04:54:43'),
(106, 'Tôn Mạ Màu Việt Pháp Giá Rẻ, Chính Hãng', 'ton-ma-mau-viet-phap-gia-re-chinh-hang', 1, 'images/uploads/images/sanpham/ton_viet_phap.jpg', '<p>\r\n	<strong>Với hệ thống kho hàng rải khắp các quận tại Hồ&nbsp;Chí&nbsp;Minh và các tỉnh lận cận&nbsp;:</strong>&nbsp; Bình Dương,Long An, Tây Ninh, Bình Thuận, Nha Trang,Phan Thiết,Bến Tre, An Giang,Vũng Tàu, Đồng Tháp, Bình Phước,Cà Mau, Cần Thơ, Sóc Trăng.\r\n</p>\r\n\r\n<p>\r\n	Thép Khánh Nam&nbsp;sẵn sàng đáp ứng mọi nhu cầu của khách hàng !\r\n</p>\r\n\r\n<h3>\r\n	Chúng tôi có xe lớn, xe nhỏ cùng đội ngũ nhân viên trẻ, nhiệt tình&nbsp;sẵn sàng&nbsp;giao hàng tới tận công trình.\r\n</h3>\r\n\r\n<p>\r\n	&nbsp;\r\n</p>\r\n\r\n<p>\r\n	- Giao hàng miễn phí các quận tại Tp. Hồ Chí Minh\r\n</p>', '<p>\r\n	<strong>Tôn mạ màu Việt Pháp - với dây chuyền công nghệ hiện đại, thiết bị nhập hoàn toàn từ các nước G7, đưa công ty Công ty Cổ phần tôn mạ màu Việt - Pháp trở thành 1 trong 8 công ty sở hữu dây chuyền công nghệ hiện đại nhất thế giới.&nbsp;Tôn mạ màu Việt Pháp&nbsp;- thương hiệu uy tín, chất lượng trên thị trường vật liệu xây dựng.</strong>\r\n</p>\r\n\r\n<p>\r\n	Với tính năng chống ăn mòn vượt trội, màu sắc đa dạng, phong phú, sản phẩm tôn mạ màu&nbsp;không thể thiếu cho cuộc sống hiện đại :\r\n</p>\r\n\r\n<p style="text-align: center;">\r\n	&nbsp; &nbsp; &nbsp; &nbsp; &nbsp; &nbsp; &nbsp; &nbsp; &nbsp; &nbsp; &nbsp; &nbsp; &nbsp; &nbsp; &nbsp; &nbsp; &nbsp; &nbsp; &nbsp; &nbsp; &nbsp; &nbsp; &nbsp; &nbsp; &nbsp; &nbsp; &nbsp;&nbsp;<img alt="Tôn mạ màu Hoa Sen - Sài Gòn CMC" id="tôn mạ màu" src="http://localhost:8080/satthepsg/images/uploads/images/sanpham/ton_viet_phap_2.jpg" style="height: 264px; width: 191px;" title="tôn mạ màu">\r\n</p>\r\n\r\n<p style="text-align: center;">\r\n	<em><strong>Tôn mạ màu Việt Pháp- VLXD Thép Khánh Nam</strong></em>\r\n</p>\r\n\r\n<h2>\r\n	Một số lưu ý bảo vệ tôn mạ màu Việt Pháp được lâu bền\r\n</h2>\r\n\r\n<p>\r\n	- Để nơi khô ráo, tránh môi trường ẩm ướt<br>\r\n	- Khi vận chuyển cần tránh va đập, méo mó trầy xước tôn.<br>\r\n	- Tôn được sử dụng càng sớm, càng tốt.\r\n</p>\r\n\r\n<p>\r\n	Sau nhiều năm kinh doanh &nbsp;trong lĩnh vực cung cập vật liệu xây dựng, Thép Khánh Nam&nbsp;đã có bề dày kinh nghiệm và được đánh giá là một trong những nhà cung cấp uy tín nhất khu vực Miền Nam.Chúng tôi luôn nỗ lực để mang lại sản phẩm với giá thành tốt nhất,cam kết về số lượng cũng như tiến &nbsp;độ trong quá trình cung cấp.\r\n</p>\r\n\r\n<p>\r\n	Hiện tại&nbsp;Thép Khánh Nam chuyên cung cấp các loại tôn tại khu vực thành phồ Hồ Chí Minh và các tỉnh lân cận, chúng tôi có kho hàng trên khắp tất các các quận cũng như các tỉnh lân cận, với đội ngũ xe lớn, nhỏ và đội ngũ nhân viên nhiệt tình Thép Khánh Nam sẵn sàng cơ động vận chuyển sản phẩm tới tận công trình cho khách hàng.\r\n</p>', NULL, 'Tôn Mạ Màu Việt Pháp Giá Rẻ, Chính Hãng', 'Tôn Mạ Màu Việt Pháp Giá Rẻ, Chính Hãng', 'Tôn Mạ Màu Việt Pháp Giá Rẻ Chính Hãng', '0', 0, '0', 1, 1, 14, '2018-03-28 03:28:13', '2018-03-28 04:57:12');

-- --------------------------------------------------------

--
-- Table structure for table `roles`
--

CREATE TABLE `roles` (
  `id` int(10) UNSIGNED NOT NULL,
  `name` varchar(191) COLLATE utf8mb4_unicode_ci NOT NULL,
  `display_name` varchar(191) COLLATE utf8mb4_unicode_ci DEFAULT NULL,
  `description` varchar(191) COLLATE utf8mb4_unicode_ci DEFAULT NULL,
  `created_at` timestamp NULL DEFAULT NULL,
  `updated_at` timestamp NULL DEFAULT NULL
) ENGINE=InnoDB DEFAULT CHARSET=utf8mb4 COLLATE=utf8mb4_unicode_ci;

--
-- Dumping data for table `roles`
--

INSERT INTO `roles` (`id`, `name`, `display_name`, `description`, `created_at`, `updated_at`) VALUES
(1, 'admin', 'admin', 'administer the website and manage users', '2018-03-14 07:23:50', '2018-03-14 07:23:50');

-- --------------------------------------------------------

--
-- Table structure for table `role_user`
--

CREATE TABLE `role_user` (
  `user_id` int(10) UNSIGNED NOT NULL,
  `role_id` int(10) UNSIGNED NOT NULL
) ENGINE=InnoDB DEFAULT CHARSET=utf8mb4 COLLATE=utf8mb4_unicode_ci;

--
-- Dumping data for table `role_user`
--

INSERT INTO `role_user` (`user_id`, `role_id`) VALUES
(1, 1);

-- --------------------------------------------------------

--
-- Table structure for table `users`
--

CREATE TABLE `users` (
  `id` int(10) UNSIGNED NOT NULL,
  `name` varchar(191) COLLATE utf8mb4_unicode_ci NOT NULL,
  `email` varchar(191) COLLATE utf8mb4_unicode_ci NOT NULL,
  `password` varchar(191) COLLATE utf8mb4_unicode_ci NOT NULL,
  `remember_token` varchar(100) COLLATE utf8mb4_unicode_ci DEFAULT NULL,
  `created_at` timestamp NULL DEFAULT NULL,
  `updated_at` timestamp NULL DEFAULT NULL
) ENGINE=InnoDB DEFAULT CHARSET=utf8mb4 COLLATE=utf8mb4_unicode_ci;

--
-- Dumping data for table `users`
--

INSERT INTO `users` (`id`, `name`, `email`, `password`, `remember_token`, `created_at`, `updated_at`) VALUES
(1, 'nnduyquang', 'nnduyquang@gmail.com', '$2y$10$mStg572JFNI89/0Cg7TOGOUkACFaBl/nsNeOvx8zglr1qyJPA0tj6', NULL, '2018-03-14 07:24:10', NULL);

--
-- Indexes for dumped tables
--

--
-- Indexes for table `category_items`
--
ALTER TABLE `category_items`
  ADD PRIMARY KEY (`id`);

--
-- Indexes for table `category_permissions`
--
ALTER TABLE `category_permissions`
  ADD PRIMARY KEY (`id`),
  ADD UNIQUE KEY `category_permissions_name_unique` (`name`);

--
-- Indexes for table `configs`
--
ALTER TABLE `configs`
  ADD PRIMARY KEY (`id`),
  ADD KEY `configs_user_id_foreign` (`user_id`);

--
-- Indexes for table `menus`
--
ALTER TABLE `menus`
  ADD PRIMARY KEY (`id`);

--
-- Indexes for table `migrations`
--
ALTER TABLE `migrations`
  ADD PRIMARY KEY (`id`);

--
-- Indexes for table `password_resets`
--
ALTER TABLE `password_resets`
  ADD KEY `password_resets_email_index` (`email`);

--
-- Indexes for table `permissions`
--
ALTER TABLE `permissions`
  ADD PRIMARY KEY (`id`),
  ADD UNIQUE KEY `permissions_name_unique` (`name`),
  ADD KEY `permissions_category_permission_id_foreign` (`category_permission_id`);

--
-- Indexes for table `permission_role`
--
ALTER TABLE `permission_role`
  ADD PRIMARY KEY (`permission_id`,`role_id`),
  ADD KEY `permission_role_role_id_foreign` (`role_id`);

--
-- Indexes for table `posts`
--
ALTER TABLE `posts`
  ADD PRIMARY KEY (`id`),
  ADD KEY `posts_user_id_foreign` (`user_id`);

--
-- Indexes for table `products`
--
ALTER TABLE `products`
  ADD PRIMARY KEY (`id`),
  ADD KEY `products_user_id_foreign` (`user_id`),
  ADD KEY `products_category_product_id_foreign` (`category_product_id`);

--
-- Indexes for table `roles`
--
ALTER TABLE `roles`
  ADD PRIMARY KEY (`id`),
  ADD UNIQUE KEY `roles_name_unique` (`name`);

--
-- Indexes for table `role_user`
--
ALTER TABLE `role_user`
  ADD PRIMARY KEY (`user_id`,`role_id`),
  ADD KEY `role_user_role_id_foreign` (`role_id`);

--
-- Indexes for table `users`
--
ALTER TABLE `users`
  ADD PRIMARY KEY (`id`),
  ADD UNIQUE KEY `users_email_unique` (`email`);

--
-- AUTO_INCREMENT for dumped tables
--

--
-- AUTO_INCREMENT for table `category_items`
--
ALTER TABLE `category_items`
  MODIFY `id` int(10) UNSIGNED NOT NULL AUTO_INCREMENT, AUTO_INCREMENT=45;
--
-- AUTO_INCREMENT for table `category_permissions`
--
ALTER TABLE `category_permissions`
  MODIFY `id` int(10) UNSIGNED NOT NULL AUTO_INCREMENT, AUTO_INCREMENT=8;
--
-- AUTO_INCREMENT for table `configs`
--
ALTER TABLE `configs`
  MODIFY `id` int(10) UNSIGNED NOT NULL AUTO_INCREMENT, AUTO_INCREMENT=2;
--
-- AUTO_INCREMENT for table `menus`
--
ALTER TABLE `menus`
  MODIFY `id` int(10) UNSIGNED NOT NULL AUTO_INCREMENT, AUTO_INCREMENT=2;
--
-- AUTO_INCREMENT for table `migrations`
--
ALTER TABLE `migrations`
  MODIFY `id` int(10) UNSIGNED NOT NULL AUTO_INCREMENT, AUTO_INCREMENT=4;
--
-- AUTO_INCREMENT for table `permissions`
--
ALTER TABLE `permissions`
  MODIFY `id` int(10) UNSIGNED NOT NULL AUTO_INCREMENT, AUTO_INCREMENT=25;
--
-- AUTO_INCREMENT for table `posts`
--
ALTER TABLE `posts`
  MODIFY `id` int(10) UNSIGNED NOT NULL AUTO_INCREMENT, AUTO_INCREMENT=5;
--
-- AUTO_INCREMENT for table `products`
--
ALTER TABLE `products`
  MODIFY `id` int(10) UNSIGNED NOT NULL AUTO_INCREMENT, AUTO_INCREMENT=107;
--
-- AUTO_INCREMENT for table `roles`
--
ALTER TABLE `roles`
  MODIFY `id` int(10) UNSIGNED NOT NULL AUTO_INCREMENT, AUTO_INCREMENT=2;
--
-- AUTO_INCREMENT for table `users`
--
ALTER TABLE `users`
  MODIFY `id` int(10) UNSIGNED NOT NULL AUTO_INCREMENT, AUTO_INCREMENT=2;
--
-- Constraints for dumped tables
--

--
-- Constraints for table `configs`
--
ALTER TABLE `configs`
  ADD CONSTRAINT `configs_user_id_foreign` FOREIGN KEY (`user_id`) REFERENCES `users` (`id`) ON DELETE CASCADE ON UPDATE CASCADE;

--
-- Constraints for table `permissions`
--
ALTER TABLE `permissions`
  ADD CONSTRAINT `permissions_category_permission_id_foreign` FOREIGN KEY (`category_permission_id`) REFERENCES `category_permissions` (`id`) ON DELETE CASCADE ON UPDATE CASCADE;

--
-- Constraints for table `permission_role`
--
ALTER TABLE `permission_role`
  ADD CONSTRAINT `permission_role_permission_id_foreign` FOREIGN KEY (`permission_id`) REFERENCES `permissions` (`id`) ON DELETE CASCADE ON UPDATE CASCADE,
  ADD CONSTRAINT `permission_role_role_id_foreign` FOREIGN KEY (`role_id`) REFERENCES `roles` (`id`) ON DELETE CASCADE ON UPDATE CASCADE;

--
-- Constraints for table `posts`
--
ALTER TABLE `posts`
  ADD CONSTRAINT `posts_user_id_foreign` FOREIGN KEY (`user_id`) REFERENCES `users` (`id`) ON DELETE CASCADE ON UPDATE CASCADE;

--
-- Constraints for table `products`
--
ALTER TABLE `products`
  ADD CONSTRAINT `products_category_product_id_foreign` FOREIGN KEY (`category_product_id`) REFERENCES `category_items` (`id`) ON DELETE CASCADE ON UPDATE CASCADE,
  ADD CONSTRAINT `products_user_id_foreign` FOREIGN KEY (`user_id`) REFERENCES `users` (`id`) ON DELETE CASCADE ON UPDATE CASCADE;

--
-- Constraints for table `role_user`
--
ALTER TABLE `role_user`
  ADD CONSTRAINT `role_user_role_id_foreign` FOREIGN KEY (`role_id`) REFERENCES `roles` (`id`) ON DELETE CASCADE ON UPDATE CASCADE,
  ADD CONSTRAINT `role_user_user_id_foreign` FOREIGN KEY (`user_id`) REFERENCES `users` (`id`) ON DELETE CASCADE ON UPDATE CASCADE;

/*!40101 SET CHARACTER_SET_CLIENT=@OLD_CHARACTER_SET_CLIENT */;
/*!40101 SET CHARACTER_SET_RESULTS=@OLD_CHARACTER_SET_RESULTS */;
/*!40101 SET COLLATION_CONNECTION=@OLD_COLLATION_CONNECTION */;
